status,object_path,filename,public_url,book_id,book_title,book_author,old_cover_image_url
updated,1 2 3 Make a s'more with me.png,1 2 3 Make a s'more with me.png,https://ghpdpvatfmvsahzsqgpp.supabase.co/storage/v1/object/public/book-covers/1%202%203%20Make%20a%20s%27more%20with%20me.png,bbffc6f7-1094-4092-8227-563b17a08679,1 2 3 Make a s'more with me,Elizabeth Gauthier,1 2 3 Make a s'more with me.png
updated,100 Classic Hikes Colorado.png,100 Classic Hikes Colorado.png,https://ghpdpvatfmvsahzsqgpp.supabase.co/storage/v1/object/public/book-covers/100%20Classic%20Hikes%20Colorado.png,92325277-6f11-4e2d-b0e3-9f8da2158570,100 Classic Hikes Colorado,Scott Warren,100 Classic Hikes Colorado.png
updated,100 Dives of a Lifetime.png,100 Dives of a Lifetime.png,https://ghpdpvatfmvsahzsqgpp.supabase.co/storage/v1/object/public/book-covers/100%20Dives%20of%20a%20Lifetime.png,9cb8c9c8-436a-487d-b979-e97862e41c15,100 Dives of a Lifetime,Carrie Miller,100 Dives of a Lifetime.png
updated,19141918.png,19141918.png,https://ghpdpvatfmvsahzsqgpp.supabase.co/storage/v1/object/public/book-covers/19141918.png,e5a884a4-841f-4dd0-b1ad-9c07fb60a640,19141918.0,D. Stevenson,19141918.png
updated,4 A.M. Breakthrough.png,4 A.M. Breakthrough.png,https://ghpdpvatfmvsahzsqgpp.supabase.co/storage/v1/object/public/book-covers/4%20A.M.%20Breakthrough.png,0ee6b97a-a7a2-4bdc-ae00-c7a8d49e9b70,4 A.M. Breakthrough,Brian Kiteley,4 A.M. Breakthrough.png
updated,50 Artists You Should Know.png,50 Artists You Should Know.png,https://ghpdpvatfmvsahzsqgpp.supabase.co/storage/v1/object/public/book-covers/50%20Artists%20You%20Should%20Know.png,9dbdbc00-fe28-42e9-8c5f-f9b0078083b2,50 Artists You Should Know,Thomas Koester,50 Artists You Should Know.png
updated,96 Great Interview Questions to Ask Before You Hire.png,96 Great Interview Questions to Ask Before You Hire.png,https://ghpdpvatfmvsahzsqgpp.supabase.co/storage/v1/object/public/book-covers/96%20Great%20Interview%20Questions%20to%20Ask%20Before%20You%20Hire.png,fc54b972-03af-4563-a9e5-17bb53ecc96b,96 Great Interview Questions to Ask Before You Hire,Paul Falcone,96 Great Interview Questions to Ask Before You Hire.png
updated,A Big Mooncake for Little Star.png,A Big Mooncake for Little Star.png,https://ghpdpvatfmvsahzsqgpp.supabase.co/storage/v1/object/public/book-covers/A%20Big%20Mooncake%20for%20Little%20Star.png,67fa46e3-5ca2-4d75-a7ce-45154d1ef78c,A Big Mooncake for Little Star,Grace Lin,A Big Mooncake for Little Star.png
updated,A Billionaire Affair (Passion Grove).png,A Billionaire Affair (Passion Grove).png,https://ghpdpvatfmvsahzsqgpp.supabase.co/storage/v1/object/public/book-covers/A%20Billionaire%20Affair%20%28Passion%20Grove%29.png,4f8f91f0-0679-45ca-bcaa-c872a0e8a402,A Billionaire Affair (Passion Grove),Niobia Bryant,A Billionaire Affair (Passion Grove).png
updated,A Boy Like You.png,A Boy Like You.png,https://ghpdpvatfmvsahzsqgpp.supabase.co/storage/v1/object/public/book-covers/A%20Boy%20Like%20You.png,46684888-ed0d-444c-8dda-c35526cd2ca8,A Boy Like You,Frank Murphy,A Boy Like You.png
updated,A Brief History of Seven Killings.png,A Brief History of Seven Killings.png,https://ghpdpvatfmvsahzsqgpp.supabase.co/storage/v1/object/public/book-covers/A%20Brief%20History%20of%20Seven%20Killings.png,4cd388ea-7853-4300-aed2-dbda8d5887ec,A Brief History of Seven Killings,Marlon James,A Brief History of Seven Killings.png
updated,A Court of Thorns and Roses.png,A Court of Thorns and Roses.png,https://ghpdpvatfmvsahzsqgpp.supabase.co/storage/v1/object/public/book-covers/A%20Court%20of%20Thorns%20and%20Roses.png,9a22703d-e439-417c-8a5d-8e116ab0c507,A Court of Thorns and Roses,Sarah J. Maas,A Court of Thorns and Roses.png
updated,A Field Guide to Medicinal Plants and Herbs of Eastern and Central North American.png,A Field Guide to Medicinal Plants and Herbs of Eastern and Central North American.png,https://ghpdpvatfmvsahzsqgpp.supabase.co/storage/v1/object/public/book-covers/A%20Field%20Guide%20to%20Medicinal%20Plants%20and%20Herbs%20of%20Eastern%20and%20Central%20North%20American.png,1079e6d0-12f0-4c85-96d1-d0215f9b0626,A Field Guide to Medicinal Plants and Herbs of Eastern and Central North American,Steven Foster,A Field Guide to Medicinal Plants and Herbs of Eastern and Central North American.png
updated,A Fish Out of Water.png,A Fish Out of Water.png,https://ghpdpvatfmvsahzsqgpp.supabase.co/storage/v1/object/public/book-covers/A%20Fish%20Out%20of%20Water.png,485ff6d0-7ecd-4de6-a71b-60bee8e54d91,A Fish Out of Water,Helen Palmer,A Fish Out of Water.png
updated,A Fortunate Life.png,A Fortunate Life.png,https://ghpdpvatfmvsahzsqgpp.supabase.co/storage/v1/object/public/book-covers/A%20Fortunate%20Life.png,88760c34-17a7-4799-9c13-a872dfe0610b,A Fortunate Life,A. B. Facey,A Fortunate Life.png
updated,A Grand Bed Adventure.png,A Grand Bed Adventure.png,https://ghpdpvatfmvsahzsqgpp.supabase.co/storage/v1/object/public/book-covers/A%20Grand%20Bed%20Adventure.png,b597d452-73ee-4a9e-8496-f66081af391e,A Grand Bed Adventure,A. M. Marcus,A Grand Bed Adventure.png
updated,A History of New York in 101 Objects.png,A History of New York in 101 Objects.png,https://ghpdpvatfmvsahzsqgpp.supabase.co/storage/v1/object/public/book-covers/A%20History%20of%20New%20York%20in%20101%20Objects.png,9b217ff0-2c6c-4c59-96b2-e903c66a3272,A History of New York in 101 Objects,Sam Roberts,A History of New York in 101 Objects.png
updated,A Kid's Guide to San Francisco.png,A Kid's Guide to San Francisco.png,https://ghpdpvatfmvsahzsqgpp.supabase.co/storage/v1/object/public/book-covers/A%20Kid%27s%20Guide%20to%20San%20Francisco.png,361a174d-ba54-4024-aaa8-e5bc48b23f81,A Kid's Guide to San Francisco,Sara Day,A Kid's Guide to San Francisco.png
updated,A Long Petal of the Sea.png,A Long Petal of the Sea.png,https://ghpdpvatfmvsahzsqgpp.supabase.co/storage/v1/object/public/book-covers/A%20Long%20Petal%20of%20the%20Sea.png,2e8dd5e3-e8dd-41a0-8088-8cc0b3c263bc,A Long Petal of the Sea,Isabel Allende,A Long Petal of the Sea.png
updated,A New History of Western Philosophy.png,A New History of Western Philosophy.png,https://ghpdpvatfmvsahzsqgpp.supabase.co/storage/v1/object/public/book-covers/A%20New%20History%20of%20Western%20Philosophy.png,0e122bea-63c0-4424-a702-a393b12ce074,A New History of Western Philosophy,Anthony Kenny,A New History of Western Philosophy.png
updated,A Soldier of the Great War.png,A Soldier of the Great War.png,https://ghpdpvatfmvsahzsqgpp.supabase.co/storage/v1/object/public/book-covers/A%20Soldier%20of%20the%20Great%20War.png,ea24b86f-d5d7-4754-8fd5-0e452c05d501,A Soldier of the Great War,Mark Helprin,A Soldier of the Great War.png
updated,A Sting in the Tale.png,A Sting in the Tale.png,https://ghpdpvatfmvsahzsqgpp.supabase.co/storage/v1/object/public/book-covers/A%20Sting%20in%20the%20Tale.png,2d75da80-ea24-4c1f-ad54-284f1be80fb2,A Sting in the Tale,Dave Goulson,A Sting in the Tale.png
updated,A Storm of Witchcraft.png,A Storm of Witchcraft.png,https://ghpdpvatfmvsahzsqgpp.supabase.co/storage/v1/object/public/book-covers/A%20Storm%20of%20Witchcraft.png,d9c76029-1b77-437d-8ce3-6e371a4142a2,A Storm of Witchcraft,Emerson W. Baker,A Storm of Witchcraft.png
updated,A Thread of Grace.png,A Thread of Grace.png,https://ghpdpvatfmvsahzsqgpp.supabase.co/storage/v1/object/public/book-covers/A%20Thread%20of%20Grace.png,f12f4a50-6438-4db5-9f54-ddba3a0c72d8,A Thread of Grace,Mary Doria Russell,A Thread of Grace.png
updated,AP Art History with Online Tests.png,AP Art History with Online Tests.png,https://ghpdpvatfmvsahzsqgpp.supabase.co/storage/v1/object/public/book-covers/AP%20Art%20History%20with%20Online%20Tests.png,633d6fd8-31bc-4c0b-8312-5274eaebbacd,AP Art History with Online Tests,John B. Nici M. A.,AP Art History with Online Tests.png
updated,Accidentally Engaged.png,Accidentally Engaged.png,https://ghpdpvatfmvsahzsqgpp.supabase.co/storage/v1/object/public/book-covers/Accidentally%20Engaged.png,86801bca-5ea5-4e47-a790-079be5ea8349,Accidentally Engaged,Farah Heron,Accidentally Engaged.png
updated,Accidentally Wes Anderson.png,Accidentally Wes Anderson.png,https://ghpdpvatfmvsahzsqgpp.supabase.co/storage/v1/object/public/book-covers/Accidentally%20Wes%20Anderson.png,43095d3e-c0c7-46a0-84c6-f1b8debdc64f,Accidentally Wes Anderson,Wally Koval,Accidentally Wes Anderson.png
updated,Afghan Knits.png,Afghan Knits.png,https://ghpdpvatfmvsahzsqgpp.supabase.co/storage/v1/object/public/book-covers/Afghan%20Knits.png,c8a3e8bb-611f-4fe9-baaf-a724612f77fa,Afghan Knits,Martin Storey,Afghan Knits.png
updated,Alcatraz1259.png,Alcatraz1259.png,https://ghpdpvatfmvsahzsqgpp.supabase.co/storage/v1/object/public/book-covers/Alcatraz1259.png,e1921281-1beb-42eb-806c-135293ede6a6,Alcatraz1259,William G. Baker,Alcatraz1259.png
updated,Alcestis.png,Alcestis.png,https://ghpdpvatfmvsahzsqgpp.supabase.co/storage/v1/object/public/book-covers/Alcestis.png,dc615092-466e-4e88-b299-c4b28b832c8d,Alcestis,Katharine Beutner,Alcestis.png
updated,Algorithms Unlocked.png,Algorithms Unlocked.png,https://ghpdpvatfmvsahzsqgpp.supabase.co/storage/v1/object/public/book-covers/Algorithms%20Unlocked.png,0dec5d86-b46f-46d5-b0c7-5a900a7d335e,Algorithms Unlocked,Thomas H. Cormen,Algorithms Unlocked.png
updated,Alicia.png,Alicia.png,https://ghpdpvatfmvsahzsqgpp.supabase.co/storage/v1/object/public/book-covers/Alicia.png,ac436a2f-0fae-4b82-ba3b-4393af1e8d20,Alicia,Alicia ApplemanJurman,Alicia.png
updated,"All About Asset Allocation, Second Edition.png","All About Asset Allocation, Second Edition.png",https://ghpdpvatfmvsahzsqgpp.supabase.co/storage/v1/object/public/book-covers/All%20About%20Asset%20Allocation%2C%20Second%20Edition.png,0622db5d-6c83-4a62-a924-79f041c81196,"All About Asset Allocation, Second Edition",Richard Ferri,"All About Asset Allocation, Second Edition.png"
updated,All Our Wrong Todays.png,All Our Wrong Todays.png,https://ghpdpvatfmvsahzsqgpp.supabase.co/storage/v1/object/public/book-covers/All%20Our%20Wrong%20Todays.png,ef6ed3c9-6c0d-49d8-a059-5e4210908a34,All Our Wrong Todays,Elan Mastai,All Our Wrong Todays.png
updated,All the Single Ladies.png,All the Single Ladies.png,https://ghpdpvatfmvsahzsqgpp.supabase.co/storage/v1/object/public/book-covers/All%20the%20Single%20Ladies.png,5e728b8a-7b92-4719-9517-8ec0baeeec8d,All the Single Ladies,Rebecca Traister,All the Single Ladies.png
updated,Along Came a Spider.png,Along Came a Spider.png,https://ghpdpvatfmvsahzsqgpp.supabase.co/storage/v1/object/public/book-covers/Along%20Came%20a%20Spider.png,9300da98-0b03-4bfd-9d28-f28b2c04926c,Along Came a Spider,James Patterson,Along Came a Spider.png
updated,American Girl Cooking.png,American Girl Cooking.png,https://ghpdpvatfmvsahzsqgpp.supabase.co/storage/v1/object/public/book-covers/American%20Girl%20Cooking.png,89edc9c4-d3b6-4184-8e5d-fa625d2e43ee,American Girl Cooking,"WilliamsSonoma, American Girl",American Girl Cooking.png
updated,American Sphinx.png,American Sphinx.png,https://ghpdpvatfmvsahzsqgpp.supabase.co/storage/v1/object/public/book-covers/American%20Sphinx.png,e2df50ff-bca3-40cd-a3c4-cd7253526269,American Sphinx,Joseph J. Ellis,American Sphinx.png
updated,Amy Wu and the Patchwork Dragon.png,Amy Wu and the Patchwork Dragon.png,https://ghpdpvatfmvsahzsqgpp.supabase.co/storage/v1/object/public/book-covers/Amy%20Wu%20and%20the%20Patchwork%20Dragon.png,d2c70c0c-ab95-4113-b7af-725702697e90,Amy Wu and the Patchwork Dragon,Kat Zhang,Amy Wu and the Patchwork Dragon.png
updated,An Actor Prepares.png,An Actor Prepares.png,https://ghpdpvatfmvsahzsqgpp.supabase.co/storage/v1/object/public/book-covers/An%20Actor%20Prepares.png,b1365120-c5b8-4b07-af8c-95835331ebbb,An Actor Prepares,Constantin Stanislavsky,An Actor Prepares.png
updated,An Actor Prepares.png,An Actor Prepares.png,https://ghpdpvatfmvsahzsqgpp.supabase.co/storage/v1/object/public/book-covers/An%20Actor%20Prepares.png,37b237ef-a4a0-4160-9c29-34efc5bb69a5,An Actor Prepares,Constantin Stanislavski,An Actor Prepares.png
updated,An Artist of the Floating World.png,An Artist of the Floating World.png,https://ghpdpvatfmvsahzsqgpp.supabase.co/storage/v1/object/public/book-covers/An%20Artist%20of%20the%20Floating%20World.png,2452f310-83e6-4cc8-9634-8d47c45b48ed,An Artist of the Floating World,Kazuo Ishiguro,An Artist of the Floating World.png
updated,An Echo in the Bone.png,An Echo in the Bone.png,https://ghpdpvatfmvsahzsqgpp.supabase.co/storage/v1/object/public/book-covers/An%20Echo%20in%20the%20Bone.png,4d753ebc-1a5c-4697-b543-406d32c6cfda,An Echo in the Bone,Diana Gabaldon,An Echo in the Bone.png
updated,And the Band Played On.png,And the Band Played On.png,https://ghpdpvatfmvsahzsqgpp.supabase.co/storage/v1/object/public/book-covers/And%20the%20Band%20Played%20On.png,9d31320b-1f2d-4855-a80f-1f64d5783624,And the Band Played On,Randy Shilts,And the Band Played On.png
updated,Andy Warhol.png,Andy Warhol.png,https://ghpdpvatfmvsahzsqgpp.supabase.co/storage/v1/object/public/book-covers/Andy%20Warhol.png,39a934db-710d-4ca6-a3b0-f7e57d0c39e0,Andy Warhol,Richard B. Woodward,Andy Warhol.png
updated,Anger.png,Anger.png,https://ghpdpvatfmvsahzsqgpp.supabase.co/storage/v1/object/public/book-covers/Anger.png,de8c0d1c-653c-4204-92bb-3d98ac7167d1,Anger,Gary Chapman,Anger.png
updated,Anger.png,Anger.png,https://ghpdpvatfmvsahzsqgpp.supabase.co/storage/v1/object/public/book-covers/Anger.png,89b2d01d-d99c-4a22-957c-d101cc14a15a,Anger,Carol Tavris,Anger.png
updated,Anger.png,Anger.png,https://ghpdpvatfmvsahzsqgpp.supabase.co/storage/v1/object/public/book-covers/Anger.png,ee1ab432-f5c7-48b1-91c3-a96b2aa0b22e,Anger,Thich Nhat Hanh,Anger.png
updated,Angle of Repose.png,Angle of Repose.png,https://ghpdpvatfmvsahzsqgpp.supabase.co/storage/v1/object/public/book-covers/Angle%20of%20Repose.png,03daf18e-f9b3-46a7-b097-8f9fd77588a2,Angle of Repose,Wallace Stegner,Angle of Repose.png
updated,Angry God.png,Angry God.png,https://ghpdpvatfmvsahzsqgpp.supabase.co/storage/v1/object/public/book-covers/Angry%20God.png,00153e27-bd55-42f9-81f3-4c1924c5aaef,Angry God,L. J. Shen,Angry God.png
updated,Animal Kingdom.png,Animal Kingdom.png,https://ghpdpvatfmvsahzsqgpp.supabase.co/storage/v1/object/public/book-covers/Animal%20Kingdom.png,8ac899b1-3fa7-4ef3-a6f3-1677acce5864,Animal Kingdom,Millie Marotta,Animal Kingdom.png
updated,Archidoodle.png,Archidoodle.png,https://ghpdpvatfmvsahzsqgpp.supabase.co/storage/v1/object/public/book-covers/Archidoodle.png,8625dbcd-c30b-42f2-bcab-8063f298bca0,Archidoodle,Steve Bowkett,Archidoodle.png
updated,Armistice Runner.png,Armistice Runner.png,https://ghpdpvatfmvsahzsqgpp.supabase.co/storage/v1/object/public/book-covers/Armistice%20Runner.png,284af40b-6685-4c2c-a759-09bd8432709b,Armistice Runner,Tom Palmer,Armistice Runner.png
updated,Artisan Sourdough Made Simple.png,Artisan Sourdough Made Simple.png,https://ghpdpvatfmvsahzsqgpp.supabase.co/storage/v1/object/public/book-covers/Artisan%20Sourdough%20Made%20Simple.png,3c5de032-d853-49e7-b3af-08cf491e7bcf,Artisan Sourdough Made Simple,Emilie Raffa,Artisan Sourdough Made Simple.png
updated,As I Walked Out One Midsummer Morning.png,As I Walked Out One Midsummer Morning.png,https://ghpdpvatfmvsahzsqgpp.supabase.co/storage/v1/object/public/book-covers/As%20I%20Walked%20Out%20One%20Midsummer%20Morning.png,ef002b92-ddb6-48c3-84aa-fc89660aef80,As I Walked Out One Midsummer Morning,Laurie Lee,As I Walked Out One Midsummer Morning.png
updated,Ask an Astronaut.png,Ask an Astronaut.png,https://ghpdpvatfmvsahzsqgpp.supabase.co/storage/v1/object/public/book-covers/Ask%20an%20Astronaut.png,7a802679-47e9-4c7f-9d44-f517ac4252b0,Ask an Astronaut,Tim Peake,Ask an Astronaut.png
updated,Astrology Uncovered.png,Astrology Uncovered.png,https://ghpdpvatfmvsahzsqgpp.supabase.co/storage/v1/object/public/book-covers/Astrology%20Uncovered.png,be04239e-5d2b-4550-b887-8f611a488fd2,Astrology Uncovered,Julia Steyson,Astrology Uncovered.png
updated,At Dusk.png,At Dusk.png,https://ghpdpvatfmvsahzsqgpp.supabase.co/storage/v1/object/public/book-covers/At%20Dusk.png,b2a4894e-3239-4256-9eb3-6e63e7d726f0,At Dusk,Hwang SokYong,At Dusk.png
updated,At the Loch of the Green Corrie. Andrew Grieg.png,At the Loch of the Green Corrie. Andrew Grieg.png,https://ghpdpvatfmvsahzsqgpp.supabase.co/storage/v1/object/public/book-covers/At%20the%20Loch%20of%20the%20Green%20Corrie.%20Andrew%20Grieg.png,1029cf5d-516e-46d4-a6ab-84c22623ff59,At the Loch of the Green Corrie. Andrew Grieg,Andrew Greig,At the Loch of the Green Corrie. Andrew Grieg.png
updated,Atlas of Human Anatomy.png,Atlas of Human Anatomy.png,https://ghpdpvatfmvsahzsqgpp.supabase.co/storage/v1/object/public/book-covers/Atlas%20of%20Human%20Anatomy.png,bca417b0-cfb6-4ebe-9010-bb47ff6df4cf,Atlas of Human Anatomy,Frank H. Netter MD,Atlas of Human Anatomy.png
updated,Atlas of Human Anatomy.png,Atlas of Human Anatomy.png,https://ghpdpvatfmvsahzsqgpp.supabase.co/storage/v1/object/public/book-covers/Atlas%20of%20Human%20Anatomy.png,6e268c4c-1647-4d3f-9cf2-432c50f3955c,Atlas of Human Anatomy,Frank H. Netter,Atlas of Human Anatomy.png
updated,Attached.png,Attached.png,https://ghpdpvatfmvsahzsqgpp.supabase.co/storage/v1/object/public/book-covers/Attached.png,89e1d956-af76-41ea-8fa1-f806fa2b5221,Attached,Amir Levine,Attached.png
updated,Attack of the 50 Foot Blockchain.png,Attack of the 50 Foot Blockchain.png,https://ghpdpvatfmvsahzsqgpp.supabase.co/storage/v1/object/public/book-covers/Attack%20of%20the%2050%20Foot%20Blockchain.png,afe53d73-28c8-45ef-9487-925eac6a4823,Attack of the 50 Foot Blockchain,David Gerard,Attack of the 50 Foot Blockchain.png
updated,Attack of the Fiend.png,Attack of the Fiend.png,https://ghpdpvatfmvsahzsqgpp.supabase.co/storage/v1/object/public/book-covers/Attack%20of%20the%20Fiend.png,47f4310f-2b7e-4c6e-80f8-4cbf7faf0d8a,Attack of the Fiend,Joseph Delaney,Attack of the Fiend.png
updated,Attack on Titan 1.png,Attack on Titan 1.png,https://ghpdpvatfmvsahzsqgpp.supabase.co/storage/v1/object/public/book-covers/Attack%20on%20Titan%201.png,e4b4bb31-9712-48b2-a0b0-f37bde4c8312,Attack on Titan 1,Hajime Isayama,Attack on Titan 1.png
updated,Attacking Manual Volume 1.png,Attacking Manual Volume 1.png,https://ghpdpvatfmvsahzsqgpp.supabase.co/storage/v1/object/public/book-covers/Attacking%20Manual%20Volume%201.png,8a02d5f4-4911-436c-b472-361736b74720,Attacking Manual Volume 1,Jacob Aagaard,Attacking Manual Volume 1.png
updated,Awesome Jokes That Every 6 Year Old Should Know!.png,Awesome Jokes That Every 6 Year Old Should Know!.png,https://ghpdpvatfmvsahzsqgpp.supabase.co/storage/v1/object/public/book-covers/Awesome%20Jokes%20That%20Every%206%20Year%20Old%20Should%20Know%21.png,23c72e15-f190-4018-b79b-9c7a70de0b3d,Awesome Jokes That Every 6 Year Old Should Know!,Mat Waugh,Awesome Jokes That Every 6 Year Old Should Know!.png
updated,B.K.S. Iyengar Yoga.png,B.K.S. Iyengar Yoga.png,https://ghpdpvatfmvsahzsqgpp.supabase.co/storage/v1/object/public/book-covers/B.K.S.%20Iyengar%20Yoga.png,6cd04fa0-c30b-4213-9e4d-373a50ebb5fd,B.K.S. Iyengar Yoga,Bks Iyengar,B.K.S. Iyengar Yoga.png
updated,Baby University Board Book Set.png,Baby University Board Book Set.png,https://ghpdpvatfmvsahzsqgpp.supabase.co/storage/v1/object/public/book-covers/Baby%20University%20Board%20Book%20Set.png,f70206ae-daab-4a51-8851-fcc1d69c3ca3,Baby University Board Book Set,Chris Ferrie,Baby University Board Book Set.png
updated,Backcountry Ski & Snowboard Routes.png,Backcountry Ski & Snowboard Routes.png,https://ghpdpvatfmvsahzsqgpp.supabase.co/storage/v1/object/public/book-covers/Backcountry%20Ski%20%26%20Snowboard%20Routes.png,f771decc-db5c-4328-ab2e-1c65d6193ea7,Backcountry Ski & Snowboard Routes,Christopher Van Tilburg,Backcountry Ski & Snowboard Routes.png
updated,Bargaining for Advantage.png,Bargaining for Advantage.png,https://ghpdpvatfmvsahzsqgpp.supabase.co/storage/v1/object/public/book-covers/Bargaining%20for%20Advantage.png,d969ef2b-bdd8-4c44-a67d-87d16234e3ca,Bargaining for Advantage,G. Richard Shell,Bargaining for Advantage.png
updated,Basketball's Greatest Players.png,Basketball's Greatest Players.png,https://ghpdpvatfmvsahzsqgpp.supabase.co/storage/v1/object/public/book-covers/Basketball%27s%20Greatest%20Players.png,d4b8ae3a-77ca-4d24-af0a-343cac1c67f7,Basketball's Greatest Players,S. A. Kramer,Basketball's Greatest Players.png
updated,Battle Royale.png,Battle Royale.png,https://ghpdpvatfmvsahzsqgpp.supabase.co/storage/v1/object/public/book-covers/Battle%20Royale.png,dc5c5a42-08d3-4be2-8b11-f73eb67b3650,Battle Royale,Koushun Takami,Battle Royale.png
updated,Because Internet.png,Because Internet.png,https://ghpdpvatfmvsahzsqgpp.supabase.co/storage/v1/object/public/book-covers/Because%20Internet.png,442b24f5-0133-48a9-849c-d6767e2bb2fb,Because Internet,Gretchen McCulloch,Because Internet.png
updated,Beggars in Spain.png,Beggars in Spain.png,https://ghpdpvatfmvsahzsqgpp.supabase.co/storage/v1/object/public/book-covers/Beggars%20in%20Spain.png,b73aff06-2a83-47f9-a724-bf12ca310f53,Beggars in Spain,Nancy Kress,Beggars in Spain.png
updated,Beginning JavaScript.png,Beginning JavaScript.png,https://ghpdpvatfmvsahzsqgpp.supabase.co/storage/v1/object/public/book-covers/Beginning%20JavaScript.png,8a493e89-7a12-46b1-a8d4-dc11dab9b726,Beginning JavaScript,Paul Wilton,Beginning JavaScript.png
updated,Being Peace.png,Being Peace.png,https://ghpdpvatfmvsahzsqgpp.supabase.co/storage/v1/object/public/book-covers/Being%20Peace.png,db1373f4-8fc2-4eaa-be84-952ea8b19c8a,Being Peace,Thich Nhat Hanh,Being Peace.png
updated,Beneath These Shadows.png,Beneath These Shadows.png,https://ghpdpvatfmvsahzsqgpp.supabase.co/storage/v1/object/public/book-covers/Beneath%20These%20Shadows.png,d7b49d93-996c-4f39-a4ce-008540045744,Beneath These Shadows,Meghan March,Beneath These Shadows.png
updated,"Berlin Diaries, 19401945.png","Berlin Diaries, 19401945.png",https://ghpdpvatfmvsahzsqgpp.supabase.co/storage/v1/object/public/book-covers/Berlin%20Diaries%2C%2019401945.png,1e91f519-de03-4f0c-9476-32aa14590099,"Berlin Diaries, 19401945",Marie Vassiltchikov,"Berlin Diaries, 19401945.png"
updated,Berlin.png,Berlin.png,https://ghpdpvatfmvsahzsqgpp.supabase.co/storage/v1/object/public/book-covers/Berlin.png,d9d063d1-4013-4f1b-a0dc-f779d026809b,Berlin,Jason Lutes,Berlin.png
updated,Berlin.png,Berlin.png,https://ghpdpvatfmvsahzsqgpp.supabase.co/storage/v1/object/public/book-covers/Berlin.png,9d3a30fd-d077-4b9d-8635-6a3af5e38212,Berlin,Charles de Lint,Berlin.png
updated,Better Off Red.png,Better Off Red.png,https://ghpdpvatfmvsahzsqgpp.supabase.co/storage/v1/object/public/book-covers/Better%20Off%20Red.png,1d4be414-2607-437e-8295-832e9afa3d78,Better Off Red,Rebekah Weatherspoon,Better Off Red.png
updated,Beyond Good and Evil.png,Beyond Good and Evil.png,https://ghpdpvatfmvsahzsqgpp.supabase.co/storage/v1/object/public/book-covers/Beyond%20Good%20and%20Evil.png,679a8294-d7f5-4df8-8211-49e1e84b90e1,Beyond Good and Evil,Friedrich Nietzsche,Beyond Good and Evil.png
updated,Beyond Good and Evil.png,Beyond Good and Evil.png,https://ghpdpvatfmvsahzsqgpp.supabase.co/storage/v1/object/public/book-covers/Beyond%20Good%20and%20Evil.png,65a10ae1-5bf8-4aa3-b2b5-e2ad5969cf9f,Beyond Good and Evil,Hiroaki Samura,Beyond Good and Evil.png
updated,Big Book of Ketogenic Baking.png,Big Book of Ketogenic Baking.png,https://ghpdpvatfmvsahzsqgpp.supabase.co/storage/v1/object/public/book-covers/Big%20Book%20of%20Ketogenic%20Baking.png,53a7e2bf-8f41-4f87-a68d-4015a97a5f4c,Big Book of Ketogenic Baking,Carolyn Ketchum,Big Book of Ketogenic Baking.png
updated,Big Girl Panties.png,Big Girl Panties.png,https://ghpdpvatfmvsahzsqgpp.supabase.co/storage/v1/object/public/book-covers/Big%20Girl%20Panties.png,987289b0-5fa0-43fe-a7ab-d5ff0d50a9a6,Big Girl Panties,Fran Manushkin,Big Girl Panties.png
updated,Big Girl Panties.png,Big Girl Panties.png,https://ghpdpvatfmvsahzsqgpp.supabase.co/storage/v1/object/public/book-covers/Big%20Girl%20Panties.png,08bb5d41-2a85-4fa3-87ae-61eb4bacc297,Big Girl Panties,ManushkinFranPetrone,Big Girl Panties.png
updated,"Birds, Nests & Eggs.png","Birds, Nests & Eggs.png",https://ghpdpvatfmvsahzsqgpp.supabase.co/storage/v1/object/public/book-covers/Birds%2C%20Nests%20%26%20Eggs.png,d41a96b5-3920-4f02-8e0d-9982da7eff61,"Birds, Nests & Eggs",Mel Boring,"Birds, Nests & Eggs.png"
updated,Birth Partner 5th Edition.png,Birth Partner 5th Edition.png,https://ghpdpvatfmvsahzsqgpp.supabase.co/storage/v1/object/public/book-covers/Birth%20Partner%205th%20Edition.png,f8f7c2fa-b002-4964-bc73-0bdf2fdc151b,Birth Partner 5th Edition,Penny Simkin,Birth Partner 5th Edition.png
updated,Black and British.png,Black and British.png,https://ghpdpvatfmvsahzsqgpp.supabase.co/storage/v1/object/public/book-covers/Black%20and%20British.png,e5743451-356a-4f43-8674-48304059e911,Black and British,David Olusoga,Black and British.png
updated,Body Kindness.png,Body Kindness.png,https://ghpdpvatfmvsahzsqgpp.supabase.co/storage/v1/object/public/book-covers/Body%20Kindness.png,1074f822-cfcc-42d8-80d9-a1283b63da4d,Body Kindness,Rebecca Scritchfield,Body Kindness.png
updated,Book of Proof.png,Book of Proof.png,https://ghpdpvatfmvsahzsqgpp.supabase.co/storage/v1/object/public/book-covers/Book%20of%20Proof.png,70b82fd5-08d1-4ade-9b10-b9fec2e31fe7,Book of Proof,Richard H. Hammack,Book of Proof.png
updated,Botany for Gardeners.png,Botany for Gardeners.png,https://ghpdpvatfmvsahzsqgpp.supabase.co/storage/v1/object/public/book-covers/Botany%20for%20Gardeners.png,9f2dbec8-dc60-4388-b500-faa4fb7db700,Botany for Gardeners,Brian Capon,Botany for Gardeners.png
updated,Brain Food.png,Brain Food.png,https://ghpdpvatfmvsahzsqgpp.supabase.co/storage/v1/object/public/book-covers/Brain%20Food.png,e08b0c9a-64ee-4ee6-9e22-fc486ae988a8,Brain Food,Lisa Mosconi,Brain Food.png
updated,Brain Food.png,Brain Food.png,https://ghpdpvatfmvsahzsqgpp.supabase.co/storage/v1/object/public/book-covers/Brain%20Food.png,fb5bb1ff-b1a7-4726-ae8e-db37d1bfb7e3,Brain Food,Lisa Mosconi PhD,Brain Food.png
updated,Brave Like Me.png,Brave Like Me.png,https://ghpdpvatfmvsahzsqgpp.supabase.co/storage/v1/object/public/book-covers/Brave%20Like%20Me.png,d18aa64a-c00c-43ee-8f06-52ea51bb8935,Brave Like Me,Barbara Kerley,Brave Like Me.png
updated,Bringing Down the Duke.png,Bringing Down the Duke.png,https://ghpdpvatfmvsahzsqgpp.supabase.co/storage/v1/object/public/book-covers/Bringing%20Down%20the%20Duke.png,11c38b05-9219-4b21-980e-bc1effcb40e4,Bringing Down the Duke,Evie Dunmore,Bringing Down the Duke.png
updated,Bringing Down the House.png,Bringing Down the House.png,https://ghpdpvatfmvsahzsqgpp.supabase.co/storage/v1/object/public/book-covers/Bringing%20Down%20the%20House.png,7da57c54-05fa-44af-8ea9-a05cb3646d5d,Bringing Down the House,Ben Mezrich,Bringing Down the House.png
updated,Bringing Up Boys.png,Bringing Up Boys.png,https://ghpdpvatfmvsahzsqgpp.supabase.co/storage/v1/object/public/book-covers/Bringing%20Up%20Boys.png,46067556-242b-46fc-a365-e2bfdb011b9a,Bringing Up Boys,James C. Dobson,Bringing Up Boys.png
updated,Buddhism.png,Buddhism.png,https://ghpdpvatfmvsahzsqgpp.supabase.co/storage/v1/object/public/book-covers/Buddhism.png,a0d69e78-3b14-47d0-befc-7d90c173ddc2,Buddhism,Michael Williams,Buddhism.png
updated,Build the Perfect Bug Out Bag.png,Build the Perfect Bug Out Bag.png,https://ghpdpvatfmvsahzsqgpp.supabase.co/storage/v1/object/public/book-covers/Build%20the%20Perfect%20Bug%20Out%20Bag.png,8a16c66c-c5f9-44bb-b4a3-a3287a7efce4,Build the Perfect Bug Out Bag,Creek Stewart,Build the Perfect Bug Out Bag.png
updated,Built to Grind.png,Built to Grind.png,https://ghpdpvatfmvsahzsqgpp.supabase.co/storage/v1/object/public/book-covers/Built%20to%20Grind.png,bb65edbb-0849-42af-8b9d-73a541535ba4,Built to Grind,Independent Truck Company,Built to Grind.png
updated,Built to Last.png,Built to Last.png,https://ghpdpvatfmvsahzsqgpp.supabase.co/storage/v1/object/public/book-covers/Built%20to%20Last.png,19207d0b-6d7f-443b-b047-97aa83de250e,Built to Last,Jim Collins,Built to Last.png
updated,Built to Last.png,Built to Last.png,https://ghpdpvatfmvsahzsqgpp.supabase.co/storage/v1/object/public/book-covers/Built%20to%20Last.png,63ebeaf1-5e22-491c-9fc8-3c5d731eb99f,Built to Last,Julie Ann Walker,Built to Last.png
updated,Business Analytics Study Guide.png,Business Analytics Study Guide.png,https://ghpdpvatfmvsahzsqgpp.supabase.co/storage/v1/object/public/book-covers/Business%20Analytics%20Study%20Guide.png,fbf1191c-5e39-410a-8dbf-8e1f0c2ba237,Business Analytics Study Guide,Habiba Emadi Keshtiar,Business Analytics Study Guide.png
updated,Buttons & Lace.png,Buttons & Lace.png,https://ghpdpvatfmvsahzsqgpp.supabase.co/storage/v1/object/public/book-covers/Buttons%20%26%20Lace.png,b9143d46-e581-459f-a09b-71e94d77cdd0,Buttons & Lace,Penelope Sky,Buttons & Lace.png
updated,Call Me Crazy.png,Call Me Crazy.png,https://ghpdpvatfmvsahzsqgpp.supabase.co/storage/v1/object/public/book-covers/Call%20Me%20Crazy.png,017dab63-69b7-44a7-ae64-7798e78f31a2,Call Me Crazy,Kelly Jensen,Call Me Crazy.png
updated,Call Me Crazy.png,Call Me Crazy.png,https://ghpdpvatfmvsahzsqgpp.supabase.co/storage/v1/object/public/book-covers/Call%20Me%20Crazy.png,3140e117-71ac-4b87-b9e4-7646a984434d,Call Me Crazy,Quinn Loftis,Call Me Crazy.png
updated,Catalog of Unabashed Gratitude.png,Catalog of Unabashed Gratitude.png,https://ghpdpvatfmvsahzsqgpp.supabase.co/storage/v1/object/public/book-covers/Catalog%20of%20Unabashed%20Gratitude.png,4ec4af1d-8dbb-4cf7-bb42-c2a39e3c61b1,Catalog of Unabashed Gratitude,Ross Gay,Catalog of Unabashed Gratitude.png
updated,Catfish and Mandala.png,Catfish and Mandala.png,https://ghpdpvatfmvsahzsqgpp.supabase.co/storage/v1/object/public/book-covers/Catfish%20and%20Mandala.png,cde389fe-fc4b-4016-9d43-cdf57ddb13ae,Catfish and Mandala,Andrew Pham,Catfish and Mandala.png
updated,Championship Fighting.png,Championship Fighting.png,https://ghpdpvatfmvsahzsqgpp.supabase.co/storage/v1/object/public/book-covers/Championship%20Fighting.png,c210a096-1520-4677-b5e8-a1d52027138b,Championship Fighting,Jack Demspey,Championship Fighting.png
updated,Cheer the Fck Up.png,Cheer the Fck Up.png,https://ghpdpvatfmvsahzsqgpp.supabase.co/storage/v1/object/public/book-covers/Cheer%20the%20Fck%20Up.png,f2bf3b2b-6707-405c-a31a-7ae7f2026dfa,Cheer the Fck Up,Caitlin Peterson,Cheer the Fck Up.png
updated,Cheryl Day's Treasury of Southern Baking.png,Cheryl Day's Treasury of Southern Baking.png,https://ghpdpvatfmvsahzsqgpp.supabase.co/storage/v1/object/public/book-covers/Cheryl%20Day%27s%20Treasury%20of%20Southern%20Baking.png,a87bb715-f90e-43eb-889d-8fe735b3fca4,Cheryl Day's Treasury of Southern Baking,Cheryl Day,Cheryl Day's Treasury of Southern Baking.png
updated,Chicago Poems.png,Chicago Poems.png,https://ghpdpvatfmvsahzsqgpp.supabase.co/storage/v1/object/public/book-covers/Chicago%20Poems.png,4fdff395-98a2-4206-8daa-efceccaa358f,Chicago Poems,Sandburg Carl 18781967,Chicago Poems.png
updated,Chicago.png,Chicago.png,https://ghpdpvatfmvsahzsqgpp.supabase.co/storage/v1/object/public/book-covers/Chicago.png,5c1d2143-381a-476f-bc6b-9ed581c3f951,Chicago,Nelson Algren,Chicago.png
updated,China from Empire to NationState.png,China from Empire to NationState.png,https://ghpdpvatfmvsahzsqgpp.supabase.co/storage/v1/object/public/book-covers/China%20from%20Empire%20to%20NationState.png,0f872999-82e5-4e50-beae-2fe5401f430b,China from Empire to NationState,Wang Hui,China from Empire to NationState.png
updated,Chiveis Trilogy.png,Chiveis Trilogy.png,https://ghpdpvatfmvsahzsqgpp.supabase.co/storage/v1/object/public/book-covers/Chiveis%20Trilogy.png,dc6a3354-1395-4bd6-9b40-7e1960563271,Chiveis Trilogy,Bryan M. Litfin,Chiveis Trilogy.png
updated,Chosen by God.png,Chosen by God.png,https://ghpdpvatfmvsahzsqgpp.supabase.co/storage/v1/object/public/book-covers/Chosen%20by%20God.png,84b754a0-4e8d-4fca-a9dc-a8e432df5a07,Chosen by God,R. C. Sproul,Chosen by God.png
updated,Cirque du Freak.png,Cirque du Freak.png,https://ghpdpvatfmvsahzsqgpp.supabase.co/storage/v1/object/public/book-covers/Cirque%20du%20Freak.png,dd8beecd-280a-49f0-a107-9eadbd4d937c,Cirque du Freak,Darren Shan,Cirque du Freak.png
updated,Classroom Manual for Hadfield's Today's Technician.png,Classroom Manual for Hadfield's Today's Technician.png,https://ghpdpvatfmvsahzsqgpp.supabase.co/storage/v1/object/public/book-covers/Classroom%20Manual%20for%20Hadfield%27s%20Today%27s%20Technician.png,d2e63bbd-7e5c-4da4-b2d8-a8c72ef04eb8,Classroom Manual for Hadfield's Today's Technician,Chris Hadfield,Classroom Manual for Hadfield's Today's Technician.png
updated,Cleopatra.png,Cleopatra.png,https://ghpdpvatfmvsahzsqgpp.supabase.co/storage/v1/object/public/book-covers/Cleopatra.png,b8b34072-29f9-4210-802b-fecb041736df,Cleopatra,Diane Stanley,Cleopatra.png
updated,Cloth Lullaby.png,Cloth Lullaby.png,https://ghpdpvatfmvsahzsqgpp.supabase.co/storage/v1/object/public/book-covers/Cloth%20Lullaby.png,b38ea510-85f4-43f0-895b-05024446483e,Cloth Lullaby,Amy Novesky,Cloth Lullaby.png
updated,Coaching Salespeople into Sales Champions.png,Coaching Salespeople into Sales Champions.png,https://ghpdpvatfmvsahzsqgpp.supabase.co/storage/v1/object/public/book-covers/Coaching%20Salespeople%20into%20Sales%20Champions.png,360fe4c6-50f4-476d-a7e8-3c589b7e716f,Coaching Salespeople into Sales Champions,Keith Rosen,Coaching Salespeople into Sales Champions.png
updated,Coding for Kids.png,Coding for Kids.png,https://ghpdpvatfmvsahzsqgpp.supabase.co/storage/v1/object/public/book-covers/Coding%20for%20Kids.png,7e30f7cb-e6c3-4542-a73e-2baa3f3afef9,Coding for Kids,Adrienne Tacke,Coding for Kids.png
updated,Cold Magic.png,Cold Magic.png,https://ghpdpvatfmvsahzsqgpp.supabase.co/storage/v1/object/public/book-covers/Cold%20Magic.png,5d4bd48c-25dd-435e-a479-a6a684872dae,Cold Magic,Kate Elliott,Cold Magic.png
updated,Colombia Es Pasion!.png,Colombia Es Pasion!.png,https://ghpdpvatfmvsahzsqgpp.supabase.co/storage/v1/object/public/book-covers/Colombia%20Es%20Pasion%21.png,46bd7fdb-97d0-485e-b096-607f04529f0f,Colombia Es Pasion!,Matt Rendell,Colombia Es Pasion!.png
updated,Color and Light.png,Color and Light.png,https://ghpdpvatfmvsahzsqgpp.supabase.co/storage/v1/object/public/book-covers/Color%20and%20Light.png,c0cd4fce-702e-46a5-99f5-d2687847b14d,Color and Light,James Gurney,Color and Light.png
updated,Company Town.png,Company Town.png,https://ghpdpvatfmvsahzsqgpp.supabase.co/storage/v1/object/public/book-covers/Company%20Town.png,d91fc200-69d7-4aaa-a8a0-4f5b96689054,Company Town,Madeline Ashby,Company Town.png
updated,Connoisseur Kids.png,Connoisseur Kids.png,https://ghpdpvatfmvsahzsqgpp.supabase.co/storage/v1/object/public/book-covers/Connoisseur%20Kids.png,85a09766-1d62-447c-9b1f-4d8a89bc4736,Connoisseur Kids,Jennifer L. Scott,Connoisseur Kids.png
updated,Continuous Delivery.png,Continuous Delivery.png,https://ghpdpvatfmvsahzsqgpp.supabase.co/storage/v1/object/public/book-covers/Continuous%20Delivery.png,64694b7c-f25f-4f57-958b-92b01561c914,Continuous Delivery,Jez Humble,Continuous Delivery.png
updated,Cooking Class.png,Cooking Class.png,https://ghpdpvatfmvsahzsqgpp.supabase.co/storage/v1/object/public/book-covers/Cooking%20Class.png,ab4edbf1-069d-4565-a625-df2de82bc425,Cooking Class,Deanna F. Cook,Cooking Class.png
updated,Cool Flowers.png,Cool Flowers.png,https://ghpdpvatfmvsahzsqgpp.supabase.co/storage/v1/object/public/book-covers/Cool%20Flowers.png,9336ea78-efab-429d-97b8-dd1bcfdf6007,Cool Flowers,Lisa Mason Ziegler,Cool Flowers.png
updated,Cool for the Summer.png,Cool for the Summer.png,https://ghpdpvatfmvsahzsqgpp.supabase.co/storage/v1/object/public/book-covers/Cool%20for%20the%20Summer.png,3e2307cb-e473-4cdd-898f-d48096d6eb78,Cool for the Summer,Dahlia Adler,Cool for the Summer.png
updated,Copra Round One.png,Copra Round One.png,https://ghpdpvatfmvsahzsqgpp.supabase.co/storage/v1/object/public/book-covers/Copra%20Round%20One.png,f7a00f76-e2cd-4da5-8ab8-961850a79d93,Copra Round One,Michel Fiffe,Copra Round One.png
updated,Count The Monkeys.png,Count The Monkeys.png,https://ghpdpvatfmvsahzsqgpp.supabase.co/storage/v1/object/public/book-covers/Count%20The%20Monkeys.png,eb24a062-cbba-44fa-8695-12e6f581b191,Count The Monkeys,"Mac Barnett, Kevin Cornell",Count The Monkeys.png
updated,Count With The Pirates!.png,Count With The Pirates!.png,https://ghpdpvatfmvsahzsqgpp.supabase.co/storage/v1/object/public/book-covers/Count%20With%20The%20Pirates%21.png,5e97f890-6ea9-4f91-9968-e6fb5388398e,Count With The Pirates!,Laura Coleman,Count With The Pirates!.png
updated,Counter Intelligence.png,Counter Intelligence.png,https://ghpdpvatfmvsahzsqgpp.supabase.co/storage/v1/object/public/book-covers/Counter%20Intelligence.png,12802005-2fa1-4be3-8e08-519b4b2f1386,Counter Intelligence,Jonathan Gold,Counter Intelligence.png
updated,Couple Skills.png,Couple Skills.png,https://ghpdpvatfmvsahzsqgpp.supabase.co/storage/v1/object/public/book-covers/Couple%20Skills.png,8430b6da-2e50-4cb6-8c1c-68b3c3897211,Couple Skills,Matthew McKay,Couple Skills.png
updated,Cozy Minimalist Home.png,Cozy Minimalist Home.png,https://ghpdpvatfmvsahzsqgpp.supabase.co/storage/v1/object/public/book-covers/Cozy%20Minimalist%20Home.png,2a12a368-ccc4-4117-b0cb-e6d326e6c594,Cozy Minimalist Home,Myquillyn Smith,Cozy Minimalist Home.png
updated,Creative Haven Owls Coloring Book.png,Creative Haven Owls Coloring Book.png,https://ghpdpvatfmvsahzsqgpp.supabase.co/storage/v1/object/public/book-covers/Creative%20Haven%20Owls%20Coloring%20Book.png,e641e8e5-f189-4036-aa4b-32491db02731,Creative Haven Owls Coloring Book,Marjorie Sarnat,Creative Haven Owls Coloring Book.png
updated,Cybersecurity Ops with Bash.png,Cybersecurity Ops with Bash.png,https://ghpdpvatfmvsahzsqgpp.supabase.co/storage/v1/object/public/book-covers/Cybersecurity%20Ops%20with%20Bash.png,52d881d6-ffdf-4f6e-b6db-554921beb6a2,Cybersecurity Ops with Bash,"Paul Troncone, Carl Albing Ph. D.",Cybersecurity Ops with Bash.png
updated,Cybersecurity and Cyberwar.png,Cybersecurity and Cyberwar.png,https://ghpdpvatfmvsahzsqgpp.supabase.co/storage/v1/object/public/book-covers/Cybersecurity%20and%20Cyberwar.png,9fdcf8aa-3528-4335-86d4-e888c866cc4c,Cybersecurity and Cyberwar,P. W. Singer,Cybersecurity and Cyberwar.png
updated,Cycling Chef.png,Cycling Chef.png,https://ghpdpvatfmvsahzsqgpp.supabase.co/storage/v1/object/public/book-covers/Cycling%20Chef.png,6b0f67c2-6c41-47ff-b046-cdf48a881a17,Cycling Chef,Alan Murchison,Cycling Chef.png
updated,DC.png,DC.png,https://ghpdpvatfmvsahzsqgpp.supabase.co/storage/v1/object/public/book-covers/DC.png,cf8dfce3-840c-4d59-a578-26068dc88311,DC,Darwyn Cooke,DC.png
updated,DOM Enlightenment.png,DOM Enlightenment.png,https://ghpdpvatfmvsahzsqgpp.supabase.co/storage/v1/object/public/book-covers/DOM%20Enlightenment.png,9a27fbe6-0ebf-4328-8c7e-681da7e021b3,DOM Enlightenment,Cody Lindley,DOM Enlightenment.png
updated,Dad Jokes.png,Dad Jokes.png,https://ghpdpvatfmvsahzsqgpp.supabase.co/storage/v1/object/public/book-covers/Dad%20Jokes.png,68888979-a4cc-47af-95c5-a44da40557ee,Dad Jokes,Share the Love Gifts,Dad Jokes.png
updated,Darius the Great Is Not Okay.png,Darius the Great Is Not Okay.png,https://ghpdpvatfmvsahzsqgpp.supabase.co/storage/v1/object/public/book-covers/Darius%20the%20Great%20Is%20Not%20Okay.png,6cef0818-026a-4730-89b9-4221a96e2f69,Darius the Great Is Not Okay,Adib Khorram,Darius the Great Is Not Okay.png
updated,Dark Territory.png,Dark Territory.png,https://ghpdpvatfmvsahzsqgpp.supabase.co/storage/v1/object/public/book-covers/Dark%20Territory.png,159fd6eb-9314-47b9-a23f-491e3004428e,Dark Territory,Fred Kaplan,Dark Territory.png
updated,Data Science for Business.png,Data Science for Business.png,https://ghpdpvatfmvsahzsqgpp.supabase.co/storage/v1/object/public/book-covers/Data%20Science%20for%20Business.png,dfe43e6e-4e0f-40a2-8b0a-eb4f55b11ba9,Data Science for Business,Foster Provost,Data Science for Business.png
updated,Data Science.png,Data Science.png,https://ghpdpvatfmvsahzsqgpp.supabase.co/storage/v1/object/public/book-covers/Data%20Science.png,17df6b6d-d5ed-4abb-bceb-e5221f01e9d7,Data Science,John D. Kelleher,Data Science.png
updated,"Dear Girl,.png","Dear Girl,.png",https://ghpdpvatfmvsahzsqgpp.supabase.co/storage/v1/object/public/book-covers/Dear%20Girl%2C.png,9f2c07f9-347b-4d3a-866b-46f9ab17b0b0,"Dear Girl,",Amy Krouse Rosenthal,"Dear Girl,.png"
updated,Dear Martin.png,Dear Martin.png,https://ghpdpvatfmvsahzsqgpp.supabase.co/storage/v1/object/public/book-covers/Dear%20Martin.png,2eda158d-5d65-4c86-8d87-6449bc79352e,Dear Martin,Nic Stone,Dear Martin.png
updated,Death in the Air.png,Death in the Air.png,https://ghpdpvatfmvsahzsqgpp.supabase.co/storage/v1/object/public/book-covers/Death%20in%20the%20Air.png,777ef99b-3b3b-46bb-9ff4-532358be669d,Death in the Air,Kate Winkler Dawson,Death in the Air.png
updated,Decolonising the Mind.png,Decolonising the Mind.png,https://ghpdpvatfmvsahzsqgpp.supabase.co/storage/v1/object/public/book-covers/Decolonising%20the%20Mind.png,cb7f91cd-ddc7-4afa-be7a-272fadb2b90d,Decolonising the Mind,Ngugi Wa Thiong'O,Decolonising the Mind.png
updated,Deep Learning with Python.png,Deep Learning with Python.png,https://ghpdpvatfmvsahzsqgpp.supabase.co/storage/v1/object/public/book-covers/Deep%20Learning%20with%20Python.png,dd9526bf-3b18-4962-aefe-455873d61148,Deep Learning with Python,Francois Chollet,Deep Learning with Python.png
updated,Deep Learning with Python.png,Deep Learning with Python.png,https://ghpdpvatfmvsahzsqgpp.supabase.co/storage/v1/object/public/book-covers/Deep%20Learning%20with%20Python.png,8257ed24-2a1d-4d8e-a749-f591c498bdda,Deep Learning with Python,François Chollet,Deep Learning with Python.png
updated,Denmark Culture Smart!.png,Denmark Culture Smart!.png,https://ghpdpvatfmvsahzsqgpp.supabase.co/storage/v1/object/public/book-covers/Denmark%20Culture%20Smart%21.png,efc3a9e2-6635-4f63-9428-ebfac39aa5bd,Denmark Culture Smart!,"Mark Salmon, Culture Smart!",Denmark Culture Smart!.png
updated,Devil's Deal.png,Devil's Deal.png,https://ghpdpvatfmvsahzsqgpp.supabase.co/storage/v1/object/public/book-covers/Devil%27s%20Deal.png,61f36bd4-ceaf-4ec3-9387-7dfca30d6a9d,Devil's Deal,Aleatha Romig,Devil's Deal.png
updated,Devil's Deal.png,Devil's Deal.png,https://ghpdpvatfmvsahzsqgpp.supabase.co/storage/v1/object/public/book-covers/Devil%27s%20Deal.png,b95f06f2-04b9-4998-836c-13f5ffa7fc67,Devil's Deal,Michele Arris,Devil's Deal.png
updated,Devotion.png,Devotion.png,https://ghpdpvatfmvsahzsqgpp.supabase.co/storage/v1/object/public/book-covers/Devotion.png,868c5ae3-e13c-4642-bd81-315e00b407c7,Devotion,Adam Makos,Devotion.png
updated,Devotion.png,Devotion.png,https://ghpdpvatfmvsahzsqgpp.supabase.co/storage/v1/object/public/book-covers/Devotion.png,b529b907-0d00-4237-8cd4-2d56c8c72dad,Devotion,Ivy Smoak,Devotion.png
updated,Diary of Samuel Pepys.png,Diary of Samuel Pepys.png,https://ghpdpvatfmvsahzsqgpp.supabase.co/storage/v1/object/public/book-covers/Diary%20of%20Samuel%20Pepys.png,0b4a4f91-7ffc-4ce7-ba0e-d17dc44b7794,Diary of Samuel Pepys,Samuel Pepys,Diary of Samuel Pepys.png
updated,Digital Day Trading; Moving from One Winning Stock Position to the Next.png,Digital Day Trading; Moving from One Winning Stock Position to the Next.png,https://ghpdpvatfmvsahzsqgpp.supabase.co/storage/v1/object/public/book-covers/Digital%20Day%20Trading%3B%20Moving%20from%20One%20Winning%20Stock%20Position%20to%20the%20Next.png,906c08eb-bdc3-4f29-b846-f0473c24bea0,Digital Day Trading; Moving from One Winning Stock Position to the Next,Howard Abell,Digital Day Trading; Moving from One Winning Stock Position to the Next.png
updated,Dinosaurumpus! (StoryPlay Book).png,Dinosaurumpus! (StoryPlay Book).png,https://ghpdpvatfmvsahzsqgpp.supabase.co/storage/v1/object/public/book-covers/Dinosaurumpus%21%20%28StoryPlay%20Book%29.png,09d91804-1aca-4322-913c-9171446f9fb5,Dinosaurumpus! (StoryPlay Book),Tony Mitton,Dinosaurumpus! (StoryPlay Book).png
updated,Direct from Dell.png,Direct from Dell.png,https://ghpdpvatfmvsahzsqgpp.supabase.co/storage/v1/object/public/book-covers/Direct%20from%20Dell.png,0ed0026c-f6a1-4a18-bf96-73a42467a510,Direct from Dell,Michael Dell,Direct from Dell.png
updated,Dissonant Lives.png,Dissonant Lives.png,https://ghpdpvatfmvsahzsqgpp.supabase.co/storage/v1/object/public/book-covers/Dissonant%20Lives.png,e36e3dfe-01f1-4139-9d30-1c242f57a162,Dissonant Lives,Mary Fulbrook,Dissonant Lives.png
updated,Do More Better.png,Do More Better.png,https://ghpdpvatfmvsahzsqgpp.supabase.co/storage/v1/object/public/book-covers/Do%20More%20Better.png,a1bc3152-77ee-41cc-8f9b-f4e8ca51cf5e,Do More Better,Tim Challies,Do More Better.png
updated,Doctor Zhivago.png,Doctor Zhivago.png,https://ghpdpvatfmvsahzsqgpp.supabase.co/storage/v1/object/public/book-covers/Doctor%20Zhivago.png,b99af8f4-d770-43a9-9e45-4e31d5c98c90,Doctor Zhivago,Boris Pasternak,Doctor Zhivago.png
updated,Don't Ask Me Where I'm From.png,Don't Ask Me Where I'm From.png,https://ghpdpvatfmvsahzsqgpp.supabase.co/storage/v1/object/public/book-covers/Don%27t%20Ask%20Me%20Where%20I%27m%20From.png,927c419a-ca6f-4a7d-b40e-cbf0b8b0b295,Don't Ask Me Where I'm From,Jennifer de Leon,Don't Ask Me Where I'm From.png
updated,Down the Rabbit Hole.png,Down the Rabbit Hole.png,https://ghpdpvatfmvsahzsqgpp.supabase.co/storage/v1/object/public/book-covers/Down%20the%20Rabbit%20Hole.png,97dde2a2-f9b6-4658-9e9d-9068520e15a0,Down the Rabbit Hole,J.D. Robb,Down the Rabbit Hole.png
updated,Down the Rabbit Hole.png,Down the Rabbit Hole.png,https://ghpdpvatfmvsahzsqgpp.supabase.co/storage/v1/object/public/book-covers/Down%20the%20Rabbit%20Hole.png,cd9bc433-7eba-4b29-bc98-e946c2a03ca1,Down the Rabbit Hole,Juan Pablo Villalobos,Down the Rabbit Hole.png
updated,Down to Earth.png,Down to Earth.png,https://ghpdpvatfmvsahzsqgpp.supabase.co/storage/v1/object/public/book-covers/Down%20to%20Earth.png,de064934-a9db-418b-bd25-6e274fdcf1ce,Down to Earth,Harry Turtledove,Down to Earth.png
updated,Down to Earth.png,Down to Earth.png,https://ghpdpvatfmvsahzsqgpp.supabase.co/storage/v1/object/public/book-covers/Down%20to%20Earth.png,f7323390-9ce7-44df-a54e-9d86bc89b3e9,Down to Earth,Tim Winton,Down to Earth.png
updated,Down to Earth.png,Down to Earth.png,https://ghpdpvatfmvsahzsqgpp.supabase.co/storage/v1/object/public/book-covers/Down%20to%20Earth.png,266f3811-a90e-444a-bf4a-c925c85a60d2,Down to Earth,Lauren Liess,Down to Earth.png
updated,Down to Earth.png,Down to Earth.png,https://ghpdpvatfmvsahzsqgpp.supabase.co/storage/v1/object/public/book-covers/Down%20to%20Earth.png,cf71c1c9-4230-47ab-82ab-79accff33364,Down to Earth,Bruno Latour,Down to Earth.png
updated,"Dragon Ball, Vol. 1.png","Dragon Ball, Vol. 1.png",https://ghpdpvatfmvsahzsqgpp.supabase.co/storage/v1/object/public/book-covers/Dragon%20Ball%2C%20Vol.%201.png,b969676f-313e-49d7-a875-30b164fb390f,"Dragon Ball, Vol. 1",Akira Toriyama,"Dragon Ball, Vol. 1.png"
updated,Drawing Blood.png,Drawing Blood.png,https://ghpdpvatfmvsahzsqgpp.supabase.co/storage/v1/object/public/book-covers/Drawing%20Blood.png,cdff8796-08c3-4796-8b8d-ed08cd31e099,Drawing Blood,Poppy Z. Brite,Drawing Blood.png
updated,Drawing Blood.png,Drawing Blood.png,https://ghpdpvatfmvsahzsqgpp.supabase.co/storage/v1/object/public/book-covers/Drawing%20Blood.png,d67e515c-983b-49f9-a96c-86fb3801abdf,Drawing Blood,Molly Crabapple,Drawing Blood.png
updated,Drawing the Head and Hands.png,Drawing the Head and Hands.png,https://ghpdpvatfmvsahzsqgpp.supabase.co/storage/v1/object/public/book-covers/Drawing%20the%20Head%20and%20Hands.png,01ec1908-7b92-4cc8-87be-45d7bcb92207,Drawing the Head and Hands,Andrew Loomis,Drawing the Head and Hands.png
updated,Dreamseller.png,Dreamseller.png,https://ghpdpvatfmvsahzsqgpp.supabase.co/storage/v1/object/public/book-covers/Dreamseller.png,6585ed19-351e-4c7c-9ffa-c3f8566e00f2,Dreamseller,Brandon Novak,Dreamseller.png
updated,Drifting House.png,Drifting House.png,https://ghpdpvatfmvsahzsqgpp.supabase.co/storage/v1/object/public/book-covers/Drifting%20House.png,89afa477-2a3e-4f09-bdea-bc95b199f218,Drifting House,Krys Lee,Drifting House.png
updated,Duck! Rabbit!.png,Duck! Rabbit!.png,https://ghpdpvatfmvsahzsqgpp.supabase.co/storage/v1/object/public/book-covers/Duck%21%20Rabbit%21.png,d6cb393c-a15c-4b35-8257-503ecfd5253d,Duck! Rabbit!,Amy Krouse Rosenthal,Duck! Rabbit!.png
updated,"Dude, You're a Dad!.png","Dude, You're a Dad!.png",https://ghpdpvatfmvsahzsqgpp.supabase.co/storage/v1/object/public/book-covers/Dude%2C%20You%27re%20a%20Dad%21.png,461a3305-f521-41c9-878e-77de1ebf29ab,"Dude, You're a Dad!",John Pfeiffer,"Dude, You're a Dad!.png"
updated,"Easy Riders, Raging Bulls.png","Easy Riders, Raging Bulls.png",https://ghpdpvatfmvsahzsqgpp.supabase.co/storage/v1/object/public/book-covers/Easy%20Riders%2C%20Raging%20Bulls.png,e876e580-3410-413a-81cb-4702f3d83ca5,"Easy Riders, Raging Bulls",Peter Biskind,"Easy Riders, Raging Bulls.png"
updated,Easy Vegan Home Cooking.png,Easy Vegan Home Cooking.png,https://ghpdpvatfmvsahzsqgpp.supabase.co/storage/v1/object/public/book-covers/Easy%20Vegan%20Home%20Cooking.png,1be63f4c-08f4-41b4-a04a-02de2b46fd55,Easy Vegan Home Cooking,Laura Theodore,Easy Vegan Home Cooking.png
updated,Eat Happy.png,Eat Happy.png,https://ghpdpvatfmvsahzsqgpp.supabase.co/storage/v1/object/public/book-covers/Eat%20Happy.png,06256113-1bbc-4f6f-9155-11b2fa4f413f,Eat Happy,Anna Vocino,Eat Happy.png
updated,Eat to Live Cookbook.png,Eat to Live Cookbook.png,https://ghpdpvatfmvsahzsqgpp.supabase.co/storage/v1/object/public/book-covers/Eat%20to%20Live%20Cookbook.png,8a385404-fd8d-4ea1-9354-f8a3824307a2,Eat to Live Cookbook,Joel Fuhrman,Eat to Live Cookbook.png
updated,Echo Echo.png,Echo Echo.png,https://ghpdpvatfmvsahzsqgpp.supabase.co/storage/v1/object/public/book-covers/Echo%20Echo.png,89e7458a-737f-4af5-bcd9-ce4e27652cb7,Echo Echo,Marilyn Singer,Echo Echo.png
updated,Echo.png,Echo.png,https://ghpdpvatfmvsahzsqgpp.supabase.co/storage/v1/object/public/book-covers/Echo.png,e18e3332-05f8-4281-8cbf-c4957abf983a,Echo,Jack McDevitt,Echo.png
updated,Echo.png,Echo.png,https://ghpdpvatfmvsahzsqgpp.supabase.co/storage/v1/object/public/book-covers/Echo.png,5c3bd780-29fb-4fe7-aebc-449abcb262b7,Echo,Pam Munoz Ryan,Echo.png
updated,Echo.png,Echo.png,https://ghpdpvatfmvsahzsqgpp.supabase.co/storage/v1/object/public/book-covers/Echo.png,09bc892f-8f8d-43db-b94c-22da1d2f8f66,Echo,A Zavarelli,Echo.png
updated,Echo.png,Echo.png,https://ghpdpvatfmvsahzsqgpp.supabase.co/storage/v1/object/public/book-covers/Echo.png,12419536-be09-4114-bef8-ccd5de3018dc,Echo,Alyson Noel,Echo.png
updated,Effective STL.png,Effective STL.png,https://ghpdpvatfmvsahzsqgpp.supabase.co/storage/v1/object/public/book-covers/Effective%20STL.png,310407c3-fe35-4f23-8091-51638ce4faca,Effective STL,Scott Meyers,Effective STL.png
updated,Eight Dates.png,Eight Dates.png,https://ghpdpvatfmvsahzsqgpp.supabase.co/storage/v1/object/public/book-covers/Eight%20Dates.png,96bb62d3-82d7-4e70-b1a8-18b012fe9d27,Eight Dates,John Gottman,Eight Dates.png
updated,Elastic Habits.png,Elastic Habits.png,https://ghpdpvatfmvsahzsqgpp.supabase.co/storage/v1/object/public/book-covers/Elastic%20Habits.png,5184b3c8-c01b-4f61-95f6-0aead999f1f5,Elastic Habits,Stephen Guise,Elastic Habits.png
updated,Eloquent Rage.png,Eloquent Rage.png,https://ghpdpvatfmvsahzsqgpp.supabase.co/storage/v1/object/public/book-covers/Eloquent%20Rage.png,c3a81d80-dede-472a-b86a-05361b2686db,Eloquent Rage,Brittney Cooper,Eloquent Rage.png
updated,Eloquent Ruby.png,Eloquent Ruby.png,https://ghpdpvatfmvsahzsqgpp.supabase.co/storage/v1/object/public/book-covers/Eloquent%20Ruby.png,6263d17c-b874-4128-b63a-b069764fd23f,Eloquent Ruby,Russ Olsen,Eloquent Ruby.png
updated,Encyclopedia of Cryptography and Security.png,Encyclopedia of Cryptography and Security.png,https://ghpdpvatfmvsahzsqgpp.supabase.co/storage/v1/object/public/book-covers/Encyclopedia%20of%20Cryptography%20and%20Security.png,728ce93b-7113-4c6d-9a4f-28a8e744d308,Encyclopedia of Cryptography and Security,,Encyclopedia of Cryptography and Security.png
updated,Encyclopedia of Cryptography and Security.png,Encyclopedia of Cryptography and Security.png,https://ghpdpvatfmvsahzsqgpp.supabase.co/storage/v1/object/public/book-covers/Encyclopedia%20of%20Cryptography%20and%20Security.png,91395bb3-fb60-4eba-a7c6-58942eb3d37e,Encyclopedia of Cryptography and Security,Sushil Jajodia,Encyclopedia of Cryptography and Security.png
updated,English Grammar in Use.png,English Grammar in Use.png,https://ghpdpvatfmvsahzsqgpp.supabase.co/storage/v1/object/public/book-covers/English%20Grammar%20in%20Use.png,a6954eeb-b8bb-4471-ad76-3b4d254538b4,English Grammar in Use,Raymond Murphy,English Grammar in Use.png
updated,Essential Scrum.png,Essential Scrum.png,https://ghpdpvatfmvsahzsqgpp.supabase.co/storage/v1/object/public/book-covers/Essential%20Scrum.png,c54ed9ef-7bb4-4e0a-9ea0-fb09fa2d7021,Essential Scrum,Kenneth Rubin,Essential Scrum.png
updated,Essential Scrum.png,Essential Scrum.png,https://ghpdpvatfmvsahzsqgpp.supabase.co/storage/v1/object/public/book-covers/Essential%20Scrum.png,f696b50c-8bb6-45ac-8274-cb34cfc4fc00,Essential Scrum,Kenneth S. Rubin,Essential Scrum.png
updated,Even Faster Web Sites.png,Even Faster Web Sites.png,https://ghpdpvatfmvsahzsqgpp.supabase.co/storage/v1/object/public/book-covers/Even%20Faster%20Web%20Sites.png,ff4462ba-d125-4fb7-944e-b6f9989ada72,Even Faster Web Sites,Steve Souders,Even Faster Web Sites.png
updated,Everyday Zen.png,Everyday Zen.png,https://ghpdpvatfmvsahzsqgpp.supabase.co/storage/v1/object/public/book-covers/Everyday%20Zen.png,0ac8b88d-0b30-449b-9b5b-af8efcae00b3,Everyday Zen,Charlotte J. Beck,Everyday Zen.png
updated,ExWives of Dracula.png,ExWives of Dracula.png,https://ghpdpvatfmvsahzsqgpp.supabase.co/storage/v1/object/public/book-covers/ExWives%20of%20Dracula.png,fa4598e7-d858-4dae-913a-317fded551ca,ExWives of Dracula,Georgette Kaplan,ExWives of Dracula.png
updated,Examples.png,Examples.png,https://ghpdpvatfmvsahzsqgpp.supabase.co/storage/v1/object/public/book-covers/Examples.png,f04f95f5-2cd9-4b9a-9316-593a7360cb48,Examples,Ansel Adams,Examples.png
updated,Eye Level.png,Eye Level.png,https://ghpdpvatfmvsahzsqgpp.supabase.co/storage/v1/object/public/book-covers/Eye%20Level.png,9eade40e-49b8-4f53-963b-6f0ab7cdd656,Eye Level,Jenny Xie,Eye Level.png
updated,FLIP.png,FLIP.png,https://ghpdpvatfmvsahzsqgpp.supabase.co/storage/v1/object/public/book-covers/FLIP.png,1b4a00fc-938e-4e77-b702-5c40296393e7,FLIP,Rick Villani,FLIP.png
updated,Facing Heartbreak.png,Facing Heartbreak.png,https://ghpdpvatfmvsahzsqgpp.supabase.co/storage/v1/object/public/book-covers/Facing%20Heartbreak.png,6c525646-762e-44c1-bf90-5c8de31de2d3,Facing Heartbreak,Stefanie Carnes,Facing Heartbreak.png
updated,Fall of Giants.png,Fall of Giants.png,https://ghpdpvatfmvsahzsqgpp.supabase.co/storage/v1/object/public/book-covers/Fall%20of%20Giants.png,5f1fccad-b9a9-4349-a4fa-ff56fe22cfd8,Fall of Giants,Ken Follett,Fall of Giants.png
updated,Fashion Victims.png,Fashion Victims.png,https://ghpdpvatfmvsahzsqgpp.supabase.co/storage/v1/object/public/book-covers/Fashion%20Victims.png,09bf9ca8-684f-4b97-8e67-31ebd77cff4e,Fashion Victims,Alison Matthews David,Fashion Victims.png
updated,Fashion and Sustainability.png,Fashion and Sustainability.png,https://ghpdpvatfmvsahzsqgpp.supabase.co/storage/v1/object/public/book-covers/Fashion%20and%20Sustainability.png,d1100aec-8763-405e-9ca5-bb6bb2cd1276,Fashion and Sustainability,Kate Fletcher,Fashion and Sustainability.png
updated,"Fastnet, Force 10.png","Fastnet, Force 10.png",https://ghpdpvatfmvsahzsqgpp.supabase.co/storage/v1/object/public/book-covers/Fastnet%2C%20Force%2010.png,f495a167-6e53-4d13-88f1-308ace4be21c,"Fastnet, Force 10",John Rousmaniere,"Fastnet, Force 10.png"
updated,Fear Agent Library Edition Volume 1.png,Fear Agent Library Edition Volume 1.png,https://ghpdpvatfmvsahzsqgpp.supabase.co/storage/v1/object/public/book-covers/Fear%20Agent%20Library%20Edition%20Volume%201.png,270590bb-18cd-44ac-be68-9e2ada69aae0,Fear Agent Library Edition Volume 1,Rick Remender,Fear Agent Library Edition Volume 1.png
updated,Feed.png,Feed.png,https://ghpdpvatfmvsahzsqgpp.supabase.co/storage/v1/object/public/book-covers/Feed.png,77125204-10d9-4b34-b5d5-bdec01063f70,Feed,Seanan McGuire,Feed.png
updated,Feed.png,Feed.png,https://ghpdpvatfmvsahzsqgpp.supabase.co/storage/v1/object/public/book-covers/Feed.png,5f53f7ef-4392-4f0f-bc80-30d3b05e452d,Feed,Mira Grant,Feed.png
updated,Feminist Weed Farmer.png,Feminist Weed Farmer.png,https://ghpdpvatfmvsahzsqgpp.supabase.co/storage/v1/object/public/book-covers/Feminist%20Weed%20Farmer.png,25deb869-69b4-4168-b8df-d71806bd8f84,Feminist Weed Farmer,Madrone Stewart,Feminist Weed Farmer.png
updated,Feminists Don't Wear Pink and Other Lies.png,Feminists Don't Wear Pink and Other Lies.png,https://ghpdpvatfmvsahzsqgpp.supabase.co/storage/v1/object/public/book-covers/Feminists%20Don%27t%20Wear%20Pink%20and%20Other%20Lies.png,18a42a25-9ffe-4062-bd37-69e03b6584f9,Feminists Don't Wear Pink and Other Lies,Scarlett Curtis,Feminists Don't Wear Pink and Other Lies.png
updated,Fighting Silence.png,Fighting Silence.png,https://ghpdpvatfmvsahzsqgpp.supabase.co/storage/v1/object/public/book-covers/Fighting%20Silence.png,6510cb19-ac0b-40c2-95ba-44f6a3bcb215,Fighting Silence,Aly Martinez,Fighting Silence.png
updated,Figure Drawing.png,Figure Drawing.png,https://ghpdpvatfmvsahzsqgpp.supabase.co/storage/v1/object/public/book-covers/Figure%20Drawing.png,12f32ed7-f2f2-4f13-a38c-2606b98a6339,Figure Drawing,Michael Hampton,Figure Drawing.png
updated,Film Directing Shot by Shot.png,Film Directing Shot by Shot.png,https://ghpdpvatfmvsahzsqgpp.supabase.co/storage/v1/object/public/book-covers/Film%20Directing%20Shot%20by%20Shot.png,0b8c4e42-16fc-4f94-91d5-24167b6eb9d3,Film Directing Shot by Shot,Steven D. Katz,Film Directing Shot by Shot.png
updated,Filmmaking For Dummies 2E.png,Filmmaking For Dummies 2E.png,https://ghpdpvatfmvsahzsqgpp.supabase.co/storage/v1/object/public/book-covers/Filmmaking%20For%20Dummies%202E.png,e61ab399-401d-496b-865f-7d340be566a3,Filmmaking For Dummies 2E,Bryan Michael Stoller,Filmmaking For Dummies 2E.png
updated,Financially Fearless.png,Financially Fearless.png,https://ghpdpvatfmvsahzsqgpp.supabase.co/storage/v1/object/public/book-covers/Financially%20Fearless.png,111a4742-6b0e-4ab5-b98e-7d2328a55363,Financially Fearless,Alexa von Tobel,Financially Fearless.png
updated,Find the Constellations.png,Find the Constellations.png,https://ghpdpvatfmvsahzsqgpp.supabase.co/storage/v1/object/public/book-covers/Find%20the%20Constellations.png,0494f2fa-7ccb-4b93-885b-0dd19d8b2c58,Find the Constellations,H. A. Rey,Find the Constellations.png
updated,Finding Your Own North Star.png,Finding Your Own North Star.png,https://ghpdpvatfmvsahzsqgpp.supabase.co/storage/v1/object/public/book-covers/Finding%20Your%20Own%20North%20Star.png,23091f25-141f-496f-9203-dd6b5158a312,Finding Your Own North Star,Martha Beck,Finding Your Own North Star.png
updated,"First Course in Probability, A.png","First Course in Probability, A.png",https://ghpdpvatfmvsahzsqgpp.supabase.co/storage/v1/object/public/book-covers/First%20Course%20in%20Probability%2C%20A.png,d6373924-c38d-4e85-9380-0c2c687a816f,"First Course in Probability, A",Sheldon Ross,"First Course in Probability, A.png"
updated,"First LaughWelcome, Baby!.png","First LaughWelcome, Baby!.png",https://ghpdpvatfmvsahzsqgpp.supabase.co/storage/v1/object/public/book-covers/First%20LaughWelcome%2C%20Baby%21.png,11ad4e75-05b4-4842-988d-0d1744e6d3ab,"First LaughWelcome, Baby!",Rose Ann Tahe,"First LaughWelcome, Baby!.png"
updated,Flow.png,Flow.png,https://ghpdpvatfmvsahzsqgpp.supabase.co/storage/v1/object/public/book-covers/Flow.png,7bc10363-f6f3-4b4b-987e-a5654414f731,Flow,Mihaly Csikszentmihalyi,Flow.png
updated,Fodor's Essential Germany.png,Fodor's Essential Germany.png,https://ghpdpvatfmvsahzsqgpp.supabase.co/storage/v1/object/public/book-covers/Fodor%27s%20Essential%20Germany.png,456293e3-16d9-4726-9a64-9b06edecde0f,Fodor's Essential Germany,Fodor's Travel Guides,Fodor's Essential Germany.png
updated,Fodor's Rome (Fullcolor Travel Guide).png,Fodor's Rome (Fullcolor Travel Guide).png,https://ghpdpvatfmvsahzsqgpp.supabase.co/storage/v1/object/public/book-covers/Fodor%27s%20Rome%20%28Fullcolor%20Travel%20Guide%29.png,73816465-d591-4027-9d71-6afae15a544a,Fodor's Rome (Fullcolor Travel Guide),Fodor's Travel Guides,Fodor's Rome (Fullcolor Travel Guide).png
updated,Food.png,Food.png,https://ghpdpvatfmvsahzsqgpp.supabase.co/storage/v1/object/public/book-covers/Food.png,de5c22c4-ac40-41fc-a9a2-996bddf5dc73,Food,Mark Hyman,Food.png
updated,Food.png,Food.png,https://ghpdpvatfmvsahzsqgpp.supabase.co/storage/v1/object/public/book-covers/Food.png,f9e658a0-23da-4645-8609-65c2b6880516,Food,Waverley Root,Food.png
updated,Food.png,Food.png,https://ghpdpvatfmvsahzsqgpp.supabase.co/storage/v1/object/public/book-covers/Food.png,cfdec7b8-cd36-4c0a-a0db-31c9522ef04b,Food,Mark Hyman M.D.,Food.png
updated,Forgotten Ally.png,Forgotten Ally.png,https://ghpdpvatfmvsahzsqgpp.supabase.co/storage/v1/object/public/book-covers/Forgotten%20Ally.png,be36869b-4de6-4c57-8b78-354982726887,Forgotten Ally,Rana Mitter,Forgotten Ally.png
updated,Fractions in Disguise.png,Fractions in Disguise.png,https://ghpdpvatfmvsahzsqgpp.supabase.co/storage/v1/object/public/book-covers/Fractions%20in%20Disguise.png,27fe5cca-de54-4a95-9868-ed9bdc2dfadf,Fractions in Disguise,Edward Einhorn,Fractions in Disguise.png
updated,Frazzled.png,Frazzled.png,https://ghpdpvatfmvsahzsqgpp.supabase.co/storage/v1/object/public/book-covers/Frazzled.png,c11aab51-28a5-4b16-a1ab-66ac88538ec8,Frazzled,Booki Vivat,Frazzled.png
updated,Freakling.png,Freakling.png,https://ghpdpvatfmvsahzsqgpp.supabase.co/storage/v1/object/public/book-covers/Freakling.png,6a8a156a-d6ae-4837-ae5b-22457d719c04,Freakling,Lana Krumwiede,Freakling.png
updated,Freedom from the Known.png,Freedom from the Known.png,https://ghpdpvatfmvsahzsqgpp.supabase.co/storage/v1/object/public/book-covers/Freedom%20from%20the%20Known.png,659f09ca-7788-4c47-b852-2a84ca10803f,Freedom from the Known,Jiddu Krishnamurti,Freedom from the Known.png
updated,Freight Train.png,Freight Train.png,https://ghpdpvatfmvsahzsqgpp.supabase.co/storage/v1/object/public/book-covers/Freight%20Train.png,c49139f4-be12-40e9-90f4-29e29f82436e,Freight Train,Donald Crews,Freight Train.png
updated,French Revolution from Its Origins to 1793.png,French Revolution from Its Origins to 1793.png,https://ghpdpvatfmvsahzsqgpp.supabase.co/storage/v1/object/public/book-covers/French%20Revolution%20from%20Its%20Origins%20to%201793.png,6e7d8db1-d786-4740-833e-457629511aea,French Revolution from Its Origins to 1793,Georges Lefebvre,French Revolution from Its Origins to 1793.png
updated,Freshwater Fishing Tips & Techniques.png,Freshwater Fishing Tips & Techniques.png,https://ghpdpvatfmvsahzsqgpp.supabase.co/storage/v1/object/public/book-covers/Freshwater%20Fishing%20Tips%20%26%20Techniques.png,e1fbd165-bb93-4526-a99e-ee21ebc5ed30,Freshwater Fishing Tips & Techniques,Gene Kugach,Freshwater Fishing Tips & Techniques.png
updated,Frida.png,Frida.png,https://ghpdpvatfmvsahzsqgpp.supabase.co/storage/v1/object/public/book-covers/Frida.png,415f4e61-fb75-4a12-9954-e47b917823da,Frida,Hayden Herrera,Frida.png
updated,Frida.png,Frida.png,https://ghpdpvatfmvsahzsqgpp.supabase.co/storage/v1/object/public/book-covers/Frida.png,9f4f7e43-337e-4e7e-910a-17be7fda6cb7,Frida,Jonah Winter,Frida.png
updated,From Russia with Love.png,From Russia with Love.png,https://ghpdpvatfmvsahzsqgpp.supabase.co/storage/v1/object/public/book-covers/From%20Russia%20with%20Love.png,e9fc93fb-8f63-415f-947f-87813f4225a7,From Russia with Love,Ian Fleming,From Russia with Love.png
updated,From the Mixedup Files of Mrs. Basil E. Frankweiler.png,From the Mixedup Files of Mrs. Basil E. Frankweiler.png,https://ghpdpvatfmvsahzsqgpp.supabase.co/storage/v1/object/public/book-covers/From%20the%20Mixedup%20Files%20of%20Mrs.%20Basil%20E.%20Frankweiler.png,08f2fe42-f06e-423b-bea4-fdec4c16436b,From the Mixedup Files of Mrs. Basil E. Frankweiler,E. L. Konigsburg,From the Mixedup Files of Mrs. Basil E. Frankweiler.png
updated,Fundamentals of Machine Learning for Predictive Data Analytics.png,Fundamentals of Machine Learning for Predictive Data Analytics.png,https://ghpdpvatfmvsahzsqgpp.supabase.co/storage/v1/object/public/book-covers/Fundamentals%20of%20Machine%20Learning%20for%20Predictive%20Data%20Analytics.png,c73bf3dc-051f-47e5-92aa-43bf11e5ca6f,Fundamentals of Machine Learning for Predictive Data Analytics,John D. Kelleher,Fundamentals of Machine Learning for Predictive Data Analytics.png
updated,Funny Little Pregnant Things.png,Funny Little Pregnant Things.png,https://ghpdpvatfmvsahzsqgpp.supabase.co/storage/v1/object/public/book-covers/Funny%20Little%20Pregnant%20Things.png,5b293360-a191-46d1-98d1-2ac3a34c65c5,Funny Little Pregnant Things,Emily Doherty,Funny Little Pregnant Things.png
updated,Furies of Calderon.png,Furies of Calderon.png,https://ghpdpvatfmvsahzsqgpp.supabase.co/storage/v1/object/public/book-covers/Furies%20of%20Calderon.png,40f0e90a-87c3-4496-b4bd-9fa965a389c7,Furies of Calderon,Jim Butcher,Furies of Calderon.png
updated,Futebol.png,Futebol.png,https://ghpdpvatfmvsahzsqgpp.supabase.co/storage/v1/object/public/book-covers/Futebol.png,22b9a750-08c2-4c06-b98c-10d9530942d7,Futebol,Alex Bellos,Futebol.png
updated,Future Shock.png,Future Shock.png,https://ghpdpvatfmvsahzsqgpp.supabase.co/storage/v1/object/public/book-covers/Future%20Shock.png,ec8e7de1-7bc5-47a5-b364-5ca1d10944b2,Future Shock,Alvin Toffler,Future Shock.png
updated,Gaia's Garden.png,Gaia's Garden.png,https://ghpdpvatfmvsahzsqgpp.supabase.co/storage/v1/object/public/book-covers/Gaia%27s%20Garden.png,565647a5-a0c4-47f8-b903-023ce12593b3,Gaia's Garden,Toby Hemenway,Gaia's Garden.png
updated,Gap Selling.png,Gap Selling.png,https://ghpdpvatfmvsahzsqgpp.supabase.co/storage/v1/object/public/book-covers/Gap%20Selling.png,e69fd61e-2beb-4729-90a7-7888524fe5d2,Gap Selling,Keenan,Gap Selling.png
updated,Generation Kill.png,Generation Kill.png,https://ghpdpvatfmvsahzsqgpp.supabase.co/storage/v1/object/public/book-covers/Generation%20Kill.png,6e89d5fb-52ca-46ff-8a12-998561185f9a,Generation Kill,Evan Wright,Generation Kill.png
updated,Genius.png,Genius.png,https://ghpdpvatfmvsahzsqgpp.supabase.co/storage/v1/object/public/book-covers/Genius.png,b7728133-1ede-43ae-99d0-7f783f43f06a,Genius,Richard Rudd,Genius.png
updated,Genius.png,Genius.png,https://ghpdpvatfmvsahzsqgpp.supabase.co/storage/v1/object/public/book-covers/Genius.png,9e5c7882-ffba-417a-a4b4-9019c9743d83,Genius,Eysenck,Genius.png
updated,Genius.png,Genius.png,https://ghpdpvatfmvsahzsqgpp.supabase.co/storage/v1/object/public/book-covers/Genius.png,69919622-7677-4ac4-985f-4ec859451026,Genius,Graham Masterton,Genius.png
updated,Genius.png,Genius.png,https://ghpdpvatfmvsahzsqgpp.supabase.co/storage/v1/object/public/book-covers/Genius.png,7b501c62-00a7-41d1-bae6-5e0ee14ff748,Genius,James Gleick,Genius.png
updated,Genius.png,Genius.png,https://ghpdpvatfmvsahzsqgpp.supabase.co/storage/v1/object/public/book-covers/Genius.png,4996d227-a4a6-485a-a19d-7039d4286f2e,Genius,Hans Jürgen Eysenck,Genius.png
updated,"George, Nicholas and Wilhelm.png","George, Nicholas and Wilhelm.png",https://ghpdpvatfmvsahzsqgpp.supabase.co/storage/v1/object/public/book-covers/George%2C%20Nicholas%20and%20Wilhelm.png,216d0a12-316b-4f76-9cd9-dade6db44642,"George, Nicholas and Wilhelm",Miranda Carter,"George, Nicholas and Wilhelm.png"
updated,Get Some Headspace.png,Get Some Headspace.png,https://ghpdpvatfmvsahzsqgpp.supabase.co/storage/v1/object/public/book-covers/Get%20Some%20Headspace.png,787c8be7-755d-443c-aa7e-2e03bfae2b18,Get Some Headspace,Andy Puddicombe,Get Some Headspace.png
updated,Getting Everything You Can Out of All You've Got.png,Getting Everything You Can Out of All You've Got.png,https://ghpdpvatfmvsahzsqgpp.supabase.co/storage/v1/object/public/book-covers/Getting%20Everything%20You%20Can%20Out%20of%20All%20You%27ve%20Got.png,84984ccc-4dcb-4992-bea6-a8c6d8633bb0,Getting Everything You Can Out of All You've Got,Jay Abraham,Getting Everything You Can Out of All You've Got.png
updated,Getting Schooled.png,Getting Schooled.png,https://ghpdpvatfmvsahzsqgpp.supabase.co/storage/v1/object/public/book-covers/Getting%20Schooled.png,ff68523a-9640-4569-bcb2-075c1b6368da,Getting Schooled,Ali Parker,Getting Schooled.png
updated,Getting Schooled.png,Getting Schooled.png,https://ghpdpvatfmvsahzsqgpp.supabase.co/storage/v1/object/public/book-covers/Getting%20Schooled.png,62dd495b-bfee-42c7-a02b-f66404a9a952,Getting Schooled,Emma Chase,Getting Schooled.png
updated,Getting To Maybe.png,Getting To Maybe.png,https://ghpdpvatfmvsahzsqgpp.supabase.co/storage/v1/object/public/book-covers/Getting%20To%20Maybe.png,0b26db9c-aa57-4a4e-b06c-1987e213c732,Getting To Maybe,Richard Michael Fischl,Getting To Maybe.png
updated,Giant Days Vol. 1.png,Giant Days Vol. 1.png,https://ghpdpvatfmvsahzsqgpp.supabase.co/storage/v1/object/public/book-covers/Giant%20Days%20Vol.%201.png,d663b1f1-0edc-4a27-a6fd-ebefd61724fa,Giant Days Vol. 1,John Allison,Giant Days Vol. 1.png
updated,Gipsy Moth Circles the World.png,Gipsy Moth Circles the World.png,https://ghpdpvatfmvsahzsqgpp.supabase.co/storage/v1/object/public/book-covers/Gipsy%20Moth%20Circles%20the%20World.png,bde6e7d8-30e2-4740-973d-c03a50e8be4e,Gipsy Moth Circles the World,Francis Chichester,Gipsy Moth Circles the World.png
updated,Give Me Back My Bones!.png,Give Me Back My Bones!.png,https://ghpdpvatfmvsahzsqgpp.supabase.co/storage/v1/object/public/book-covers/Give%20Me%20Back%20My%20Bones%21.png,562d9ca0-9d64-4e9d-a4ab-b82c4630897d,Give Me Back My Bones!,Kim Norman,Give Me Back My Bones!.png
updated,Glass Shore.png,Glass Shore.png,https://ghpdpvatfmvsahzsqgpp.supabase.co/storage/v1/object/public/book-covers/Glass%20Shore.png,8df1a95f-5a3b-4eec-8eb7-f0a14f228654,Glass Shore,Sinéad Gleeson,Glass Shore.png
updated,Glute Lab.png,Glute Lab.png,https://ghpdpvatfmvsahzsqgpp.supabase.co/storage/v1/object/public/book-covers/Glute%20Lab.png,99cf7436-1974-45cd-9b17-aa819b6b4f69,Glute Lab,Bret Contreras,Glute Lab.png
updated,Gods of Jade and Shadow.png,Gods of Jade and Shadow.png,https://ghpdpvatfmvsahzsqgpp.supabase.co/storage/v1/object/public/book-covers/Gods%20of%20Jade%20and%20Shadow.png,b93b5eec-6fea-49c4-a209-9436f82b81e8,Gods of Jade and Shadow,Silvia MorenoGarcia,Gods of Jade and Shadow.png
updated,Good Omens.png,Good Omens.png,https://ghpdpvatfmvsahzsqgpp.supabase.co/storage/v1/object/public/book-covers/Good%20Omens.png,c247a23d-c98a-4978-81a8-45ad51f57705,Good Omens,Terry Pratchett,Good Omens.png
updated,Good Omens.png,Good Omens.png,https://ghpdpvatfmvsahzsqgpp.supabase.co/storage/v1/object/public/book-covers/Good%20Omens.png,90c33bd6-a1af-4422-bd60-1c594baf51ce,Good Omens,Neil Gaiman,Good Omens.png
updated,"Goodnight Punpun, Vol. 1.png","Goodnight Punpun, Vol. 1.png",https://ghpdpvatfmvsahzsqgpp.supabase.co/storage/v1/object/public/book-covers/Goodnight%20Punpun%2C%20Vol.%201.png,ca38cda6-9dc1-4760-97c3-d59c13ddabfb,"Goodnight Punpun, Vol. 1",Inio Asano,"Goodnight Punpun, Vol. 1.png"
updated,Gosnell.png,Gosnell.png,https://ghpdpvatfmvsahzsqgpp.supabase.co/storage/v1/object/public/book-covers/Gosnell.png,4497df98-ebbe-4a05-9a55-7d46ec14b6e1,Gosnell,Ann McElhinney,Gosnell.png
updated,Grant's Dissector.png,Grant's Dissector.png,https://ghpdpvatfmvsahzsqgpp.supabase.co/storage/v1/object/public/book-covers/Grant%27s%20Dissector.png,2280e280-a6ac-4556-b967-7bcc99c203a4,Grant's Dissector,Alan J. Detton,Grant's Dissector.png
updated,Great Giants Stories Every Young Fan Should Know.png,Great Giants Stories Every Young Fan Should Know.png,https://ghpdpvatfmvsahzsqgpp.supabase.co/storage/v1/object/public/book-covers/Great%20Giants%20Stories%20Every%20Young%20Fan%20Should%20Know.png,fcb511df-b082-4975-a8c8-81979df4b9a1,Great Giants Stories Every Young Fan Should Know,Julie Jackson,Great Giants Stories Every Young Fan Should Know.png
updated,"Green River, Running Red.png","Green River, Running Red.png",https://ghpdpvatfmvsahzsqgpp.supabase.co/storage/v1/object/public/book-covers/Green%20River%2C%20Running%20Red.png,b8f95bd8-0f1f-418b-a1d4-861937116c59,"Green River, Running Red",Ann Rule,"Green River, Running Red.png"
updated,Grimspace.png,Grimspace.png,https://ghpdpvatfmvsahzsqgpp.supabase.co/storage/v1/object/public/book-covers/Grimspace.png,e371cdcc-75ef-42d6-a7c1-7300d624c20f,Grimspace,Ann Aguirre,Grimspace.png
updated,Hacking Leadership.png,Hacking Leadership.png,https://ghpdpvatfmvsahzsqgpp.supabase.co/storage/v1/object/public/book-covers/Hacking%20Leadership.png,e826001b-5934-435e-9e98-090e3015900d,Hacking Leadership,Joe Sanfelippo,Hacking Leadership.png
updated,Halmoni and the Picnic.png,Halmoni and the Picnic.png,https://ghpdpvatfmvsahzsqgpp.supabase.co/storage/v1/object/public/book-covers/Halmoni%20and%20the%20Picnic.png,8897cdd3-836c-41f4-9ef8-43a09753b690,Halmoni and the Picnic,Sook Nyul Choi,Halmoni and the Picnic.png
updated,Hand Over Hand.png,Hand Over Hand.png,https://ghpdpvatfmvsahzsqgpp.supabase.co/storage/v1/object/public/book-covers/Hand%20Over%20Hand.png,b344691b-269c-435f-848f-7e264c07215c,Hand Over Hand,Alma Fullerton,Hand Over Hand.png
updated,Hands of Stone.png,Hands of Stone.png,https://ghpdpvatfmvsahzsqgpp.supabase.co/storage/v1/object/public/book-covers/Hands%20of%20Stone.png,183a03da-8183-4cf3-8247-5c6d2ce1c267,Hands of Stone,Christian Giudice,Hands of Stone.png
updated,Happier.png,Happier.png,https://ghpdpvatfmvsahzsqgpp.supabase.co/storage/v1/object/public/book-covers/Happier.png,e818ace9-5a23-4161-add1-7c760180fedb,Happier,Tal BenShahar,Happier.png
updated,"Happy Hippo, Angry Duck.png","Happy Hippo, Angry Duck.png",https://ghpdpvatfmvsahzsqgpp.supabase.co/storage/v1/object/public/book-covers/Happy%20Hippo%2C%20Angry%20Duck.png,702f2f47-af46-4508-8aca-a9a73255655f,"Happy Hippo, Angry Duck",Sandra Boynton,"Happy Hippo, Angry Duck.png"
updated,Harrison's Principles of Internal Medicine.png,Harrison's Principles of Internal Medicine.png,https://ghpdpvatfmvsahzsqgpp.supabase.co/storage/v1/object/public/book-covers/Harrison%27s%20Principles%20of%20Internal%20Medicine.png,5119229d-2304-4bca-933b-914e51fba2e9,Harrison's Principles of Internal Medicine,Joseph Loscalzo,Harrison's Principles of Internal Medicine.png
updated,Harrison's Principles of Internal Medicine.png,Harrison's Principles of Internal Medicine.png,https://ghpdpvatfmvsahzsqgpp.supabase.co/storage/v1/object/public/book-covers/Harrison%27s%20Principles%20of%20Internal%20Medicine.png,5554ef55-b162-447b-bd9a-5ddb225ea220,Harrison's Principles of Internal Medicine,Dennis Kasper,Harrison's Principles of Internal Medicine.png
updated,Haven.png,Haven.png,https://ghpdpvatfmvsahzsqgpp.supabase.co/storage/v1/object/public/book-covers/Haven.png,99e397eb-02ab-4e16-9df2-90036cee430f,Haven,Kay Hooper,Haven.png
updated,Haven.png,Haven.png,https://ghpdpvatfmvsahzsqgpp.supabase.co/storage/v1/object/public/book-covers/Haven.png,18ea67d1-252f-468d-b504-c26a1a09f4c8,Haven,Rebekah Weatherspoon,Haven.png
updated,Head First Php & Mysql.png,Head First Php & Mysql.png,https://ghpdpvatfmvsahzsqgpp.supabase.co/storage/v1/object/public/book-covers/Head%20First%20Php%20%26%20Mysql.png,c7897b96-2f47-4908-a166-42883b0ab4af,Head First Php & Mysql,Lynn Beighley,Head First Php & Mysql.png
updated,Heartstopper.png,Heartstopper.png,https://ghpdpvatfmvsahzsqgpp.supabase.co/storage/v1/object/public/book-covers/Heartstopper.png,ac711bc2-002c-414a-990f-078c936cad4f,Heartstopper,Joy Fielding,Heartstopper.png
updated,Heartstopper.png,Heartstopper.png,https://ghpdpvatfmvsahzsqgpp.supabase.co/storage/v1/object/public/book-covers/Heartstopper.png,baa1cbb1-7e51-454c-9cf3-52730b004667,Heartstopper,Lauren Landish,Heartstopper.png
updated,Heartstopper.png,Heartstopper.png,https://ghpdpvatfmvsahzsqgpp.supabase.co/storage/v1/object/public/book-covers/Heartstopper.png,2ce4dd7f-f265-4294-8a37-56dcc6f5dd68,Heartstopper,Alice Oseman,Heartstopper.png
updated,Hellhound on His Trail.png,Hellhound on His Trail.png,https://ghpdpvatfmvsahzsqgpp.supabase.co/storage/v1/object/public/book-covers/Hellhound%20on%20His%20Trail.png,71cfb8c5-cfda-4035-9e20-65739df6a89e,Hellhound on His Trail,Hampton Sides,Hellhound on His Trail.png
updated,"Hello, He Lied & Other Tales from the Hollywood Trenches.png","Hello, He Lied & Other Tales from the Hollywood Trenches.png",https://ghpdpvatfmvsahzsqgpp.supabase.co/storage/v1/object/public/book-covers/Hello%2C%20He%20Lied%20%26%20Other%20Tales%20from%20the%20Hollywood%20Trenches.png,03a0db00-f3b0-4604-9b90-54d027d82c1f,"Hello, He Lied & Other Tales from the Hollywood Trenches",Lynda Obst,"Hello, He Lied & Other Tales from the Hollywood Trenches.png"
updated,Her Mouth as Souvenir.png,Her Mouth as Souvenir.png,https://ghpdpvatfmvsahzsqgpp.supabase.co/storage/v1/object/public/book-covers/Her%20Mouth%20as%20Souvenir.png,3a46faf7-c87b-48a6-a9e6-f0c165e8cdeb,Her Mouth as Souvenir,Heather June Gibbons,Her Mouth as Souvenir.png
updated,"Hey, Whipple, Squeeze This.png","Hey, Whipple, Squeeze This.png",https://ghpdpvatfmvsahzsqgpp.supabase.co/storage/v1/object/public/book-covers/Hey%2C%20Whipple%2C%20Squeeze%20This.png,927b36fc-ca3a-4583-9d3a-9e97257fe857,"Hey, Whipple, Squeeze This",Luke Sullivan,"Hey, Whipple, Squeeze This.png"
updated,High Percentage Fishing.png,High Percentage Fishing.png,https://ghpdpvatfmvsahzsqgpp.supabase.co/storage/v1/object/public/book-covers/High%20Percentage%20Fishing.png,d7ab585c-4a2f-41a1-8863-a70109d3c763,High Percentage Fishing,Josh Alwine,High Percentage Fishing.png
updated,"High School Debut, Vol. 1.png","High School Debut, Vol. 1.png",https://ghpdpvatfmvsahzsqgpp.supabase.co/storage/v1/object/public/book-covers/High%20School%20Debut%2C%20Vol.%201.png,4f792409-cea4-4d71-ae6b-47cb1d051e43,"High School Debut, Vol. 1",Kazune Kawahara,"High School Debut, Vol. 1.png"
updated,HighPerformance Java Persistence.png,HighPerformance Java Persistence.png,https://ghpdpvatfmvsahzsqgpp.supabase.co/storage/v1/object/public/book-covers/HighPerformance%20Java%20Persistence.png,a625a290-413c-4474-adfd-6e8574307c86,HighPerformance Java Persistence,Vlad Mihalcea,HighPerformance Java Persistence.png
updated,HighTech HighTouch Recruiting.png,HighTech HighTouch Recruiting.png,https://ghpdpvatfmvsahzsqgpp.supabase.co/storage/v1/object/public/book-covers/HighTech%20HighTouch%20Recruiting.png,043dbcee-f3d0-4ccc-b9da-1207f85ecac0,HighTech HighTouch Recruiting,Barbara Bruno,HighTech HighTouch Recruiting.png
updated,Hold On to Your Kids.png,Hold On to Your Kids.png,https://ghpdpvatfmvsahzsqgpp.supabase.co/storage/v1/object/public/book-covers/Hold%20On%20to%20Your%20Kids.png,8bf56e0f-0635-4570-9f30-70bd1467761b,Hold On to Your Kids,Dr. Gabor Maté,Hold On to Your Kids.png
updated,Hold On to Your Kids.png,Hold On to Your Kids.png,https://ghpdpvatfmvsahzsqgpp.supabase.co/storage/v1/object/public/book-covers/Hold%20On%20to%20Your%20Kids.png,fc6567f4-0d28-4945-9143-15f2ebd3da9f,Hold On to Your Kids,Gordon Neufeld,Hold On to Your Kids.png
updated,Holding Their Own.png,Holding Their Own.png,https://ghpdpvatfmvsahzsqgpp.supabase.co/storage/v1/object/public/book-covers/Holding%20Their%20Own.png,2d8c926c-380e-42aa-8629-905faef4e97b,Holding Their Own,Joe Nobody,Holding Their Own.png
updated,House of Earth and Blood.png,House of Earth and Blood.png,https://ghpdpvatfmvsahzsqgpp.supabase.co/storage/v1/object/public/book-covers/House%20of%20Earth%20and%20Blood.png,bf3b23f7-d336-48e0-b871-4daf836cf577,House of Earth and Blood,Sarah J. Maas,House of Earth and Blood.png
updated,How Buildings Learn.png,How Buildings Learn.png,https://ghpdpvatfmvsahzsqgpp.supabase.co/storage/v1/object/public/book-covers/How%20Buildings%20Learn.png,610fb6a5-42f1-40ac-adba-5cbc9f82a822,How Buildings Learn,Stewart Brand,How Buildings Learn.png
updated,How Do You Say I Love You.png,How Do You Say I Love You.png,https://ghpdpvatfmvsahzsqgpp.supabase.co/storage/v1/object/public/book-covers/How%20Do%20You%20Say%20I%20Love%20You.png,fcb2f097-b770-49dd-a704-f90964f13975,How Do You Say I Love You,Hannah Eliot,How Do You Say I Love You.png
updated,How to Be Parisian Wherever You Are.png,How to Be Parisian Wherever You Are.png,https://ghpdpvatfmvsahzsqgpp.supabase.co/storage/v1/object/public/book-covers/How%20to%20Be%20Parisian%20Wherever%20You%20Are.png,84157160-a4a1-46b0-8b80-00b3074cf409,How to Be Parisian Wherever You Are,Anne Berest,How to Be Parisian Wherever You Are.png
updated,How to Be Parisian Wherever You Are.png,How to Be Parisian Wherever You Are.png,https://ghpdpvatfmvsahzsqgpp.supabase.co/storage/v1/object/public/book-covers/How%20to%20Be%20Parisian%20Wherever%20You%20Are.png,6ccbc8b3-89cf-4f5a-a297-ab1836223619,How to Be Parisian Wherever You Are,Anne Berest et al.,How to Be Parisian Wherever You Are.png
updated,How to Day Trade for a Living.png,How to Day Trade for a Living.png,https://ghpdpvatfmvsahzsqgpp.supabase.co/storage/v1/object/public/book-covers/How%20to%20Day%20Trade%20for%20a%20Living.png,e898a16c-db1b-467e-8fae-ebb09af48bec,How to Day Trade for a Living,Andrew Aziz,How to Day Trade for a Living.png
updated,How to Give Up Plastic.png,How to Give Up Plastic.png,https://ghpdpvatfmvsahzsqgpp.supabase.co/storage/v1/object/public/book-covers/How%20to%20Give%20Up%20Plastic.png,201837fe-8319-4676-a6dd-e0573a1f7fd4,How to Give Up Plastic,Will McCallum,How to Give Up Plastic.png
updated,How to Housebreak Your Dog in 7 Days.png,How to Housebreak Your Dog in 7 Days.png,https://ghpdpvatfmvsahzsqgpp.supabase.co/storage/v1/object/public/book-covers/How%20to%20Housebreak%20Your%20Dog%20in%207%20Days.png,c6fb5e89-bb91-4f83-b955-6f106b9861a1,How to Housebreak Your Dog in 7 Days,Shirlee Kalstone,How to Housebreak Your Dog in 7 Days.png
updated,How to Marry a Millionaire Vampire.png,How to Marry a Millionaire Vampire.png,https://ghpdpvatfmvsahzsqgpp.supabase.co/storage/v1/object/public/book-covers/How%20to%20Marry%20a%20Millionaire%20Vampire.png,09823f8d-e494-40c9-a436-4643e52914d5,How to Marry a Millionaire Vampire,Kerrelyn Sparks,How to Marry a Millionaire Vampire.png
updated,How to Stay Alive in the Woods.png,How to Stay Alive in the Woods.png,https://ghpdpvatfmvsahzsqgpp.supabase.co/storage/v1/object/public/book-covers/How%20to%20Stay%20Alive%20in%20the%20Woods.png,64bc1fb0-bbd0-45d8-88b6-41883e149547,How to Stay Alive in the Woods,Bradford Angier,How to Stay Alive in the Woods.png
updated,How to Think about Weird Things.png,How to Think about Weird Things.png,https://ghpdpvatfmvsahzsqgpp.supabase.co/storage/v1/object/public/book-covers/How%20to%20Think%20about%20Weird%20Things.png,4b3f34ab-3260-435d-854f-30330f2c8437,How to Think about Weird Things,"Theodore Schick, Lewis Vaughn",How to Think about Weird Things.png
updated,Human Design Activation Guide.png,Human Design Activation Guide.png,https://ghpdpvatfmvsahzsqgpp.supabase.co/storage/v1/object/public/book-covers/Human%20Design%20Activation%20Guide.png,50f299ef-1f5f-4d64-8de3-2d932441b8a1,Human Design Activation Guide,Karen Curry Parker,Human Design Activation Guide.png
updated,Human Design.png,Human Design.png,https://ghpdpvatfmvsahzsqgpp.supabase.co/storage/v1/object/public/book-covers/Human%20Design.png,63371eb0-19e7-4092-82e1-5398135cadae,Human Design,"Ra Uru Hu, Lynda Bunnell",Human Design.png
updated,Human Design.png,Human Design.png,https://ghpdpvatfmvsahzsqgpp.supabase.co/storage/v1/object/public/book-covers/Human%20Design.png,d544e411-45f0-4d5d-9764-7d4cf998b23d,Human Design,Chetan Parkyn,Human Design.png
updated,Human Physiology.png,Human Physiology.png,https://ghpdpvatfmvsahzsqgpp.supabase.co/storage/v1/object/public/book-covers/Human%20Physiology.png,1e2313b0-cb42-4e5f-b91b-7dbaa1396764,Human Physiology,Dee Silverthorn,Human Physiology.png
updated,Human Physiology.png,Human Physiology.png,https://ghpdpvatfmvsahzsqgpp.supabase.co/storage/v1/object/public/book-covers/Human%20Physiology.png,24287094-c5c0-43a2-8e51-437f7a62d098,Human Physiology,Stuart Fox,Human Physiology.png
updated,Human Physiology.png,Human Physiology.png,https://ghpdpvatfmvsahzsqgpp.supabase.co/storage/v1/object/public/book-covers/Human%20Physiology.png,635bc669-b09a-48f6-affc-35a4a2597ba2,Human Physiology,,Human Physiology.png
updated,I Am That Girl.png,I Am That Girl.png,https://ghpdpvatfmvsahzsqgpp.supabase.co/storage/v1/object/public/book-covers/I%20Am%20That%20Girl.png,362a982d-32ef-4cf0-aeeb-9573892e8108,I Am That Girl,Alexis Jones,I Am That Girl.png
updated,I Dream Of Dinner (So You Don't Have To).png,I Dream Of Dinner (So You Don't Have To).png,https://ghpdpvatfmvsahzsqgpp.supabase.co/storage/v1/object/public/book-covers/I%20Dream%20Of%20Dinner%20%28So%20You%20Don%27t%20Have%20To%29.png,38d38bed-6e2a-425b-87bd-a31a21842983,I Dream Of Dinner (So You Don't Have To),Ali Slagle,I Dream Of Dinner (So You Don't Have To).png
updated,I Promise You.png,I Promise You.png,https://ghpdpvatfmvsahzsqgpp.supabase.co/storage/v1/object/public/book-covers/I%20Promise%20You.png,2b3102ed-745e-41e8-b40b-aa3cd3a415b0,I Promise You,Ilsa MaddenMills,I Promise You.png
updated,I'm Dying Up Here.png,I'm Dying Up Here.png,https://ghpdpvatfmvsahzsqgpp.supabase.co/storage/v1/object/public/book-covers/I%27m%20Dying%20Up%20Here.png,c42eddfc-e392-4553-b57e-e70d9c86e6a6,I'm Dying Up Here,William Knoedelseder,I'm Dying Up Here.png
updated,I'm New Here.png,I'm New Here.png,https://ghpdpvatfmvsahzsqgpp.supabase.co/storage/v1/object/public/book-covers/I%27m%20New%20Here.png,96614126-c766-4377-a898-feebc2bd9ced,I'm New Here,Anne Sibley O'Brien,I'm New Here.png
updated,"I'm in Love with the Villainess Manga, Vol. 1.png","I'm in Love with the Villainess Manga, Vol. 1.png",https://ghpdpvatfmvsahzsqgpp.supabase.co/storage/v1/object/public/book-covers/I%27m%20in%20Love%20with%20the%20Villainess%20Manga%2C%20Vol.%201.png,99c6b57e-a6c3-4bff-bb53-08769e262aa8,"I'm in Love with the Villainess Manga, Vol. 1",Inori,"I'm in Love with the Villainess Manga, Vol. 1.png"
updated,Identifying and Managing Project Risk.png,Identifying and Managing Project Risk.png,https://ghpdpvatfmvsahzsqgpp.supabase.co/storage/v1/object/public/book-covers/Identifying%20and%20Managing%20Project%20Risk.png,e971d976-f8cd-469c-9fbe-dd416fdc8ec0,Identifying and Managing Project Risk,Tom Kendrick,Identifying and Managing Project Risk.png
updated,Idol Thoughts.png,Idol Thoughts.png,https://ghpdpvatfmvsahzsqgpp.supabase.co/storage/v1/object/public/book-covers/Idol%20Thoughts.png,a5f109d7-211c-42bd-b326-7673b071a189,Idol Thoughts,"J. S. Lee, Ji Soo Lee",Idol Thoughts.png
updated,Illustration Play.png,Illustration Play.png,https://ghpdpvatfmvsahzsqgpp.supabase.co/storage/v1/object/public/book-covers/Illustration%20Play.png,459d0326-1131-4aff-ad4d-43425ed5a112,Illustration Play,Victionary,Illustration Play.png
updated,In the Name of the Volk.png,In the Name of the Volk.png,https://ghpdpvatfmvsahzsqgpp.supabase.co/storage/v1/object/public/book-covers/In%20the%20Name%20of%20the%20Volk.png,7022dfe5-b9fe-4302-9fec-9861f9ce4b0e,In the Name of the Volk,H. W. Koch,In the Name of the Volk.png
updated,Infinite Possibilities.png,Infinite Possibilities.png,https://ghpdpvatfmvsahzsqgpp.supabase.co/storage/v1/object/public/book-covers/Infinite%20Possibilities.png,0e617236-5971-41af-b9fa-98846879166e,Infinite Possibilities,Mike Dooley,Infinite Possibilities.png
updated,Infinite Possibilities.png,Infinite Possibilities.png,https://ghpdpvatfmvsahzsqgpp.supabase.co/storage/v1/object/public/book-covers/Infinite%20Possibilities.png,1572fe5d-4b33-4c10-aece-7b6733ee4ec6,Infinite Possibilities,Lisa Renee Jones,Infinite Possibilities.png
updated,Intermittent Fasting Diet Guide and Cookbook.png,Intermittent Fasting Diet Guide and Cookbook.png,https://ghpdpvatfmvsahzsqgpp.supabase.co/storage/v1/object/public/book-covers/Intermittent%20Fasting%20Diet%20Guide%20and%20Cookbook.png,8424ff5f-9320-4840-8c7c-e4fc4061fd2b,Intermittent Fasting Diet Guide and Cookbook,Becky Gillaspy,Intermittent Fasting Diet Guide and Cookbook.png
updated,Into The Woods.png,Into The Woods.png,https://ghpdpvatfmvsahzsqgpp.supabase.co/storage/v1/object/public/book-covers/Into%20The%20Woods.png,115b9251-edbb-4b57-844e-2d20d31f4c46,Into The Woods,John Yorke,Into The Woods.png
updated,Into the Jungle.png,Into the Jungle.png,https://ghpdpvatfmvsahzsqgpp.supabase.co/storage/v1/object/public/book-covers/Into%20the%20Jungle.png,cae15d40-c8d9-4655-85d5-f7fc9d7518ad,Into the Jungle,Erica Ferencik,Into the Jungle.png
updated,Into the Void Pacific.png,Into the Void Pacific.png,https://ghpdpvatfmvsahzsqgpp.supabase.co/storage/v1/object/public/book-covers/Into%20the%20Void%20Pacific.png,8cf539a7-4d9a-45d4-b24c-db2db673c84d,Into the Void Pacific,Andrew Shanken,Into the Void Pacific.png
updated,Isabella Blow.png,Isabella Blow.png,https://ghpdpvatfmvsahzsqgpp.supabase.co/storage/v1/object/public/book-covers/Isabella%20Blow.png,9bbde817-c113-4e53-aa2e-2cb350688d57,Isabella Blow,Lauren Goldstein Crowe,Isabella Blow.png
updated,Italian American.png,Italian American.png,https://ghpdpvatfmvsahzsqgpp.supabase.co/storage/v1/object/public/book-covers/Italian%20American.png,7309667b-a0db-483d-a611-c0b1c7f4654f,Italian American,"Angie Rito, Scott Tacinelli",Italian American.png
updated,"Jab, Jab, Jab, Right Hook.png","Jab, Jab, Jab, Right Hook.png",https://ghpdpvatfmvsahzsqgpp.supabase.co/storage/v1/object/public/book-covers/Jab%2C%20Jab%2C%20Jab%2C%20Right%20Hook.png,533ba0e3-b855-48f5-9797-df0a828829e5,"Jab, Jab, Jab, Right Hook",Gary Vaynerchuk,"Jab, Jab, Jab, Right Hook.png"
updated,James Madison.png,James Madison.png,https://ghpdpvatfmvsahzsqgpp.supabase.co/storage/v1/object/public/book-covers/James%20Madison.png,cc4820b9-3761-4efa-b4b2-da10bc75b902,James Madison,Lynne Cheney,James Madison.png
updated,Java Performance Companion.png,Java Performance Companion.png,https://ghpdpvatfmvsahzsqgpp.supabase.co/storage/v1/object/public/book-covers/Java%20Performance%20Companion.png,0b66590d-f128-4a42-9d80-9f957ffccb90,Java Performance Companion,"Charlie Hunt, Poonam Parhar, Bengt Rutisson, Monica Beckwith",Java Performance Companion.png
updated,JavaScript.png,JavaScript.png,https://ghpdpvatfmvsahzsqgpp.supabase.co/storage/v1/object/public/book-covers/JavaScript.png,e951a264-58c3-41d9-bea6-bf9a132061e3,JavaScript,David Flanagan,JavaScript.png
updated,JavaScript.png,JavaScript.png,https://ghpdpvatfmvsahzsqgpp.supabase.co/storage/v1/object/public/book-covers/JavaScript.png,33f34627-ad07-4021-8b6a-2606f7ec8ec1,JavaScript,Douglas Crockford,JavaScript.png
updated,Jock Rule.png,Jock Rule.png,https://ghpdpvatfmvsahzsqgpp.supabase.co/storage/v1/object/public/book-covers/Jock%20Rule.png,3eb1f62e-aa83-4e77-a3fd-a11e15dabb3d,Jock Rule,Sara Ney,Jock Rule.png
updated,John Thompson's Modern Course for the Piano.png,John Thompson's Modern Course for the Piano.png,https://ghpdpvatfmvsahzsqgpp.supabase.co/storage/v1/object/public/book-covers/John%20Thompson%27s%20Modern%20Course%20for%20the%20Piano.png,d81c6680-80cf-4780-9230-f5c8dff7387c,John Thompson's Modern Course for the Piano,John Thompson,John Thompson's Modern Course for the Piano.png
updated,Joy Ride! the Stars and Stories of Philly's Famous Uptown Theater.png,Joy Ride! the Stars and Stories of Philly's Famous Uptown Theater.png,https://ghpdpvatfmvsahzsqgpp.supabase.co/storage/v1/object/public/book-covers/Joy%20Ride%21%20the%20Stars%20and%20Stories%20of%20Philly%27s%20Famous%20Uptown%20Theater.png,34399c43-d5e4-4dff-93e8-788975f65e50,Joy Ride! the Stars and Stories of Philly's Famous Uptown Theater,Kimberly C. Roberts,Joy Ride! the Stars and Stories of Philly's Famous Uptown Theater.png
updated,Judas Unchained.png,Judas Unchained.png,https://ghpdpvatfmvsahzsqgpp.supabase.co/storage/v1/object/public/book-covers/Judas%20Unchained.png,07db71b5-c441-44fb-b57c-8c3247dc2bab,Judas Unchained,Peter F. Hamilton,Judas Unchained.png
updated,Judas.png,Judas.png,https://ghpdpvatfmvsahzsqgpp.supabase.co/storage/v1/object/public/book-covers/Judas.png,d05400cb-2b26-494f-8251-4de7fa57d5c9,Judas,Amos Oz,Judas.png
updated,Judas.png,Judas.png,https://ghpdpvatfmvsahzsqgpp.supabase.co/storage/v1/object/public/book-covers/Judas.png,26af26e1-db1d-4366-96a4-320349b0af9d,Judas,Astrid Holleeder,Judas.png
updated,Jungalow.png,Jungalow.png,https://ghpdpvatfmvsahzsqgpp.supabase.co/storage/v1/object/public/book-covers/Jungalow.png,f59798e5-bfe4-4cfc-a999-cbb466dc3f79,Jungalow,Justina Blakeney,Jungalow.png
updated,Kelly Wearstler.png,Kelly Wearstler.png,https://ghpdpvatfmvsahzsqgpp.supabase.co/storage/v1/object/public/book-covers/Kelly%20Wearstler.png,818283f0-c8c2-4474-9b6b-793d3d2619b0,Kelly Wearstler,Kelly Wearstler,Kelly Wearstler.png
updated,Keto Made Easy.png,Keto Made Easy.png,https://ghpdpvatfmvsahzsqgpp.supabase.co/storage/v1/object/public/book-covers/Keto%20Made%20Easy.png,8c0e61e7-f859-4ed3-9ed3-3bd13036989d,Keto Made Easy,Megha Barot,Keto Made Easy.png
updated,Killing Eve.png,Killing Eve.png,https://ghpdpvatfmvsahzsqgpp.supabase.co/storage/v1/object/public/book-covers/Killing%20Eve.png,28b2c129-6ffd-4d1a-9faf-c3fc14340fbe,Killing Eve,Luke Jennings,Killing Eve.png
updated,Killing Marketing.png,Killing Marketing.png,https://ghpdpvatfmvsahzsqgpp.supabase.co/storage/v1/object/public/book-covers/Killing%20Marketing.png,4854e932-6527-4064-8d9d-343184f1f1a3,Killing Marketing,Joe Pulizzi,Killing Marketing.png
updated,Kiss of Snow.png,Kiss of Snow.png,https://ghpdpvatfmvsahzsqgpp.supabase.co/storage/v1/object/public/book-covers/Kiss%20of%20Snow.png,24fc4639-73b1-4528-804a-822fe768388a,Kiss of Snow,Nalini Singh,Kiss of Snow.png
updated,Kitchen Table Tarot.png,Kitchen Table Tarot.png,https://ghpdpvatfmvsahzsqgpp.supabase.co/storage/v1/object/public/book-covers/Kitchen%20Table%20Tarot.png,c4913638-5faa-4cc5-8276-c321c382db61,Kitchen Table Tarot,Melissa Cynova,Kitchen Table Tarot.png
updated,Knight In The Shadows.png,Knight In The Shadows.png,https://ghpdpvatfmvsahzsqgpp.supabase.co/storage/v1/object/public/book-covers/Knight%20In%20The%20Shadows.png,88ef49b5-fff3-49d3-ac8e-3bc1375eebf2,Knight In The Shadows,"Ali Lyda, Alexa May",Knight In The Shadows.png
updated,Kotlin in Action.png,Kotlin in Action.png,https://ghpdpvatfmvsahzsqgpp.supabase.co/storage/v1/object/public/book-covers/Kotlin%20in%20Action.png,d5eb3ec2-247c-4fdc-9b3a-1df232b54b0b,Kotlin in Action,Dmitry Jemerov,Kotlin in Action.png
updated,"Kuroko's Basketball Omnibus, Vol. 1.png","Kuroko's Basketball Omnibus, Vol. 1.png",https://ghpdpvatfmvsahzsqgpp.supabase.co/storage/v1/object/public/book-covers/Kuroko%27s%20Basketball%20Omnibus%2C%20Vol.%201.png,5f0ad396-3132-4857-b43d-7ebcbfb88e36,"Kuroko's Basketball Omnibus, Vol. 1",Tadatoshi Fujimaki,"Kuroko's Basketball Omnibus, Vol. 1.png"
updated,La Bella Figura.png,La Bella Figura.png,https://ghpdpvatfmvsahzsqgpp.supabase.co/storage/v1/object/public/book-covers/La%20Bella%20Figura.png,c21e7a22-3107-4f7b-96e4-9f527b1afb8c,La Bella Figura,Beppe Severgnini,La Bella Figura.png
updated,Lands of Lost Borders.png,Lands of Lost Borders.png,https://ghpdpvatfmvsahzsqgpp.supabase.co/storage/v1/object/public/book-covers/Lands%20of%20Lost%20Borders.png,9bdafc1d-71d1-46f1-8639-5329f9635d37,Lands of Lost Borders,Kate Harris,Lands of Lost Borders.png
updated,Last Hope Island.png,Last Hope Island.png,https://ghpdpvatfmvsahzsqgpp.supabase.co/storage/v1/object/public/book-covers/Last%20Hope%20Island.png,df25ca5c-ea96-4547-9d90-2d9fe144a797,Last Hope Island,Lynne Olson,Last Hope Island.png
updated,Laura.png,Laura.png,https://ghpdpvatfmvsahzsqgpp.supabase.co/storage/v1/object/public/book-covers/Laura.png,8f9f5400-4acc-4813-8854-07a0ed661b0b,Laura,Vera Caspary,Laura.png
updated,Leadership in Project Management.png,Leadership in Project Management.png,https://ghpdpvatfmvsahzsqgpp.supabase.co/storage/v1/object/public/book-covers/Leadership%20in%20Project%20Management.png,fcb0648d-dddd-4284-9a74-2e733089b692,Leadership in Project Management,"Mohit Arora, Haig Baronikian",Leadership in Project Management.png
updated,Learn Python 3 the Hard Way.png,Learn Python 3 the Hard Way.png,https://ghpdpvatfmvsahzsqgpp.supabase.co/storage/v1/object/public/book-covers/Learn%20Python%203%20the%20Hard%20Way.png,b45155b8-1cca-4c81-845c-7f6f04d19fe8,Learn Python 3 the Hard Way,Zed Shaw,Learn Python 3 the Hard Way.png
updated,"Learning Perl, 5th Edition.png","Learning Perl, 5th Edition.png",https://ghpdpvatfmvsahzsqgpp.supabase.co/storage/v1/object/public/book-covers/Learning%20Perl%2C%205th%20Edition.png,2dfbdbec-5712-44c8-9e4e-67f2910f1beb,"Learning Perl, 5th Edition",Randal Schwartz,"Learning Perl, 5th Edition.png"
updated,Learning React Native.png,Learning React Native.png,https://ghpdpvatfmvsahzsqgpp.supabase.co/storage/v1/object/public/book-covers/Learning%20React%20Native.png,55327eaa-b60b-44fc-bb98-8bfa2fa7ce87,Learning React Native,Bonnie Eisenman,Learning React Native.png
updated,Legend.png,Legend.png,https://ghpdpvatfmvsahzsqgpp.supabase.co/storage/v1/object/public/book-covers/Legend.png,f4731b11-4f33-4641-afc3-5b698a52e527,Legend,Eric Blehm,Legend.png
updated,Legend.png,Legend.png,https://ghpdpvatfmvsahzsqgpp.supabase.co/storage/v1/object/public/book-covers/Legend.png,73e48770-1ad8-4f03-9c38-303fe07412ac,Legend,Jude Deveraux,Legend.png
updated,Legend.png,Legend.png,https://ghpdpvatfmvsahzsqgpp.supabase.co/storage/v1/object/public/book-covers/Legend.png,93291163-b4d9-44a4-a10c-36ae1a8bdfe4,Legend,Sawyer Bennett,Legend.png
updated,Legend.png,Legend.png,https://ghpdpvatfmvsahzsqgpp.supabase.co/storage/v1/object/public/book-covers/Legend.png,988a13bd-3d5a-457a-9ab1-7867a11cafe6,Legend,Katy Evans,Legend.png
updated,Legend.png,Legend.png,https://ghpdpvatfmvsahzsqgpp.supabase.co/storage/v1/object/public/book-covers/Legend.png,a8557f05-0413-4f7c-ba0c-24d5ac958bb4,Legend,Shayne Silvers,Legend.png
updated,Legend.png,Legend.png,https://ghpdpvatfmvsahzsqgpp.supabase.co/storage/v1/object/public/book-covers/Legend.png,d41318ba-ba41-4a41-a2fd-44742d2abb01,Legend,Tim Winton,Legend.png
updated,Legend.png,Legend.png,https://ghpdpvatfmvsahzsqgpp.supabase.co/storage/v1/object/public/book-covers/Legend.png,d8312a7e-0d2c-4f8a-bc36-2701f52ba7a9,Legend,David Gemmell,Legend.png
updated,Legend.png,Legend.png,https://ghpdpvatfmvsahzsqgpp.supabase.co/storage/v1/object/public/book-covers/Legend.png,c516fdeb-f9cb-4803-a27a-0df60aa7422c,Legend,Marie Lu,Legend.png
updated,Legend.png,Legend.png,https://ghpdpvatfmvsahzsqgpp.supabase.co/storage/v1/object/public/book-covers/Legend.png,5d85a4e0-fbf1-4c8e-a05f-71f5c6067218,Legend,Sharon Sala,Legend.png
updated,Les Fleurs Du Mal.png,Les Fleurs Du Mal.png,https://ghpdpvatfmvsahzsqgpp.supabase.co/storage/v1/object/public/book-covers/Les%20Fleurs%20Du%20Mal.png,cb1def6f-a552-4584-a29d-efed3d8e6db8,Les Fleurs Du Mal,Charles Baudelaire,Les Fleurs Du Mal.png
updated,Let It Burn.png,Let It Burn.png,https://ghpdpvatfmvsahzsqgpp.supabase.co/storage/v1/object/public/book-covers/Let%20It%20Burn.png,96dcc2fc-2349-4810-a350-38bc446dc03f,Let It Burn,Michael Boyette,Let It Burn.png
updated,Liar.png,Liar.png,https://ghpdpvatfmvsahzsqgpp.supabase.co/storage/v1/object/public/book-covers/Liar.png,8729b4cd-5769-4111-82fd-b62fdd784937,Liar,Tate James,Liar.png
updated,Liar.png,Liar.png,https://ghpdpvatfmvsahzsqgpp.supabase.co/storage/v1/object/public/book-covers/Liar.png,c8996ff0-6616-4b43-be28-3865eadaff11,Liar,K. L. Slater,Liar.png
updated,LifttheFlap First Questions and Answers.png,LifttheFlap First Questions and Answers.png,https://ghpdpvatfmvsahzsqgpp.supabase.co/storage/v1/object/public/book-covers/LifttheFlap%20First%20Questions%20and%20Answers.png,212e5735-dc26-45c2-b669-c74e2945b5fb,LifttheFlap First Questions and Answers,,LifttheFlap First Questions and Answers.png
updated,Light Years.png,Light Years.png,https://ghpdpvatfmvsahzsqgpp.supabase.co/storage/v1/object/public/book-covers/Light%20Years.png,eb9e9a50-6f06-41c7-a3e9-4d457e8bb4cb,Light Years,Le Anne Schreiber,Light Years.png
updated,Lilac Girls.png,Lilac Girls.png,https://ghpdpvatfmvsahzsqgpp.supabase.co/storage/v1/object/public/book-covers/Lilac%20Girls.png,8456b9c3-812c-4b71-aad1-1c4fd8dd6717,Lilac Girls,Martha Hall Kelly,Lilac Girls.png
updated,Linux in a Nutshell.png,Linux in a Nutshell.png,https://ghpdpvatfmvsahzsqgpp.supabase.co/storage/v1/object/public/book-covers/Linux%20in%20a%20Nutshell.png,9590d115-1adb-497e-b0be-165297cbc0b5,Linux in a Nutshell,Ellen Siever,Linux in a Nutshell.png
updated,Little Cricket.png,Little Cricket.png,https://ghpdpvatfmvsahzsqgpp.supabase.co/storage/v1/object/public/book-covers/Little%20Cricket.png,db79a55c-dc44-413f-8c6c-34f3da7e8d52,Little Cricket,Jackie Brown,Little Cricket.png
updated,Little Leaders.png,Little Leaders.png,https://ghpdpvatfmvsahzsqgpp.supabase.co/storage/v1/object/public/book-covers/Little%20Leaders.png,8668c810-5043-4215-803a-4284dc47c8ef,Little Leaders,Vashti Harrison,Little Leaders.png
updated,Living Forward.png,Living Forward.png,https://ghpdpvatfmvsahzsqgpp.supabase.co/storage/v1/object/public/book-covers/Living%20Forward.png,7ce88021-b6c4-4461-a536-b516117511bd,Living Forward,Michael Hyatt,Living Forward.png
updated,Living a Feminist Life.png,Living a Feminist Life.png,https://ghpdpvatfmvsahzsqgpp.supabase.co/storage/v1/object/public/book-covers/Living%20a%20Feminist%20Life.png,af42c521-109a-457e-961d-4b735b5096a8,Living a Feminist Life,Sara Ahmed,Living a Feminist Life.png
updated,Londons Hidden Walks Volumes 1 3.png,Londons Hidden Walks Volumes 1 3.png,https://ghpdpvatfmvsahzsqgpp.supabase.co/storage/v1/object/public/book-covers/Londons%20Hidden%20Walks%20Volumes%201%203.png,7ccbbe8c-3449-4907-9593-6d94fc0d4df5,Londons Hidden Walks Volumes 1 3,Stephen Millar,Londons Hidden Walks Volumes 1 3.png
updated,Lonely Planet Best of London 2020.png,Lonely Planet Best of London 2020.png,https://ghpdpvatfmvsahzsqgpp.supabase.co/storage/v1/object/public/book-covers/Lonely%20Planet%20Best%20of%20London%202020.png,e8dd64b9-d444-41ce-9da2-90013fa0d8d1,Lonely Planet Best of London 2020,Lonely Planet,Lonely Planet Best of London 2020.png
updated,Lonely Planet China.png,Lonely Planet China.png,https://ghpdpvatfmvsahzsqgpp.supabase.co/storage/v1/object/public/book-covers/Lonely%20Planet%20China.png,c82f11f3-a6ef-4573-ac86-a4207b846d56,Lonely Planet China,Lonely Planet,Lonely Planet China.png
updated,Lonely Planet Italy.png,Lonely Planet Italy.png,https://ghpdpvatfmvsahzsqgpp.supabase.co/storage/v1/object/public/book-covers/Lonely%20Planet%20Italy.png,b174d38b-0233-4c1e-8fa7-5e4826fcc281,Lonely Planet Italy,Lonely Planet,Lonely Planet Italy.png
updated,Lonely Planet Sicily.png,Lonely Planet Sicily.png,https://ghpdpvatfmvsahzsqgpp.supabase.co/storage/v1/object/public/book-covers/Lonely%20Planet%20Sicily.png,bcbae350-3f3e-4ca8-a877-3e068968f80a,Lonely Planet Sicily,Lonely Planet,Lonely Planet Sicily.png
updated,Lost Boy.png,Lost Boy.png,https://ghpdpvatfmvsahzsqgpp.supabase.co/storage/v1/object/public/book-covers/Lost%20Boy.png,7b1a1822-89cd-47dc-a7a6-828502566fc7,Lost Boy,Christina Henry,Lost Boy.png
updated,Lost Boy.png,Lost Boy.png,https://ghpdpvatfmvsahzsqgpp.supabase.co/storage/v1/object/public/book-covers/Lost%20Boy.png,d64f6452-a3ab-42fe-ad77-70340c4ffc72,Lost Boy,Kristen Painter,Lost Boy.png
updated,Lost Souls.png,Lost Souls.png,https://ghpdpvatfmvsahzsqgpp.supabase.co/storage/v1/object/public/book-covers/Lost%20Souls.png,cde6c0d9-4149-4f87-9c05-5b165c95b752,Lost Souls,Dean Koontz,Lost Souls.png
updated,Lost Souls.png,Lost Souls.png,https://ghpdpvatfmvsahzsqgpp.supabase.co/storage/v1/object/public/book-covers/Lost%20Souls.png,252d8108-7def-40b8-957d-878737950ce7,Lost Souls,Lisa Jackson,Lost Souls.png
updated,Lost Souls.png,Lost Souls.png,https://ghpdpvatfmvsahzsqgpp.supabase.co/storage/v1/object/public/book-covers/Lost%20Souls.png,506da751-d182-4f24-b321-6164c6811ae9,Lost Souls,Kelley Armstrong,Lost Souls.png
updated,Lost Souls.png,Lost Souls.png,https://ghpdpvatfmvsahzsqgpp.supabase.co/storage/v1/object/public/book-covers/Lost%20Souls.png,686dd7e0-ca8d-4b32-aff2-917f5f5f367a,Lost Souls,Poppy Z. Brite,Lost Souls.png
updated,Lost Treasure of the Emerald Eye.png,Lost Treasure of the Emerald Eye.png,https://ghpdpvatfmvsahzsqgpp.supabase.co/storage/v1/object/public/book-covers/Lost%20Treasure%20of%20the%20Emerald%20Eye.png,877c6549-df30-4588-b151-c70acbf879fb,Lost Treasure of the Emerald Eye,Geronimo Stilton,Lost Treasure of the Emerald Eye.png
updated,Love Does.png,Love Does.png,https://ghpdpvatfmvsahzsqgpp.supabase.co/storage/v1/object/public/book-covers/Love%20Does.png,7a64622f-4e73-4511-bc43-7adbb612c56c,Love Does,Bob Goff,Love Does.png
updated,Love Real Food.png,Love Real Food.png,https://ghpdpvatfmvsahzsqgpp.supabase.co/storage/v1/object/public/book-covers/Love%20Real%20Food.png,ed104406-f724-48e9-92ef-7730f238d277,Love Real Food,Kathryne Taylor,Love Real Food.png
updated,Love of Country.png,Love of Country.png,https://ghpdpvatfmvsahzsqgpp.supabase.co/storage/v1/object/public/book-covers/Love%20of%20Country.png,291dbf0e-fd5e-4b40-9cc7-779d8041c87a,Love of Country,Madeleine Bunting,Love of Country.png
updated,Loving Mr. Daniels.png,Loving Mr. Daniels.png,https://ghpdpvatfmvsahzsqgpp.supabase.co/storage/v1/object/public/book-covers/Loving%20Mr.%20Daniels.png,95928553-2714-496e-bdb7-2f7bef943985,Loving Mr. Daniels,Brittainy Cherry,Loving Mr. Daniels.png
updated,Machine Learning in Action.png,Machine Learning in Action.png,https://ghpdpvatfmvsahzsqgpp.supabase.co/storage/v1/object/public/book-covers/Machine%20Learning%20in%20Action.png,0f55ea88-1124-4c77-8094-176db431e115,Machine Learning in Action,Peter Harrington,Machine Learning in Action.png
updated,Machinery's Handbook Pocket Companion.png,Machinery's Handbook Pocket Companion.png,https://ghpdpvatfmvsahzsqgpp.supabase.co/storage/v1/object/public/book-covers/Machinery%27s%20Handbook%20Pocket%20Companion.png,3ba9c695-2c4e-44bd-8d21-cf6a1992408c,Machinery's Handbook Pocket Companion,Richard Pohanish,Machinery's Handbook Pocket Companion.png
updated,Make Way for Ducklings.png,Make Way for Ducklings.png,https://ghpdpvatfmvsahzsqgpp.supabase.co/storage/v1/object/public/book-covers/Make%20Way%20for%20Ducklings.png,9e3c0824-77c7-4d47-bff3-20351dcf6fb8,Make Way for Ducklings,Robert McCloskey,Make Way for Ducklings.png
updated,Makers and Takers.png,Makers and Takers.png,https://ghpdpvatfmvsahzsqgpp.supabase.co/storage/v1/object/public/book-covers/Makers%20and%20Takers.png,d8b2ce0e-cfc6-4411-961d-21ea3f0f5b15,Makers and Takers,Rana Foroohar,Makers and Takers.png
updated,"Making Color Sing, 25th Anniversary Edition.png","Making Color Sing, 25th Anniversary Edition.png",https://ghpdpvatfmvsahzsqgpp.supabase.co/storage/v1/object/public/book-covers/Making%20Color%20Sing%2C%2025th%20Anniversary%20Edition.png,37a7b954-1fa5-449c-ab52-40dd5fc9a0b7,"Making Color Sing, 25th Anniversary Edition",Jeanne Dobie,"Making Color Sing, 25th Anniversary Edition.png"
updated,Man and His Symbols.png,Man and His Symbols.png,https://ghpdpvatfmvsahzsqgpp.supabase.co/storage/v1/object/public/book-covers/Man%20and%20His%20Symbols.png,4b94c409-04e1-4f6e-b9b9-7c3672884269,Man and His Symbols,Carl G. Jung,Man and His Symbols.png
updated,Managerial Accounting.png,Managerial Accounting.png,https://ghpdpvatfmvsahzsqgpp.supabase.co/storage/v1/object/public/book-covers/Managerial%20Accounting.png,a3229da2-da87-40c7-bff3-59ee0aea2ed9,Managerial Accounting,Jerry J. Weygandt,Managerial Accounting.png
updated,Managerial Accounting.png,Managerial Accounting.png,https://ghpdpvatfmvsahzsqgpp.supabase.co/storage/v1/object/public/book-covers/Managerial%20Accounting.png,de8176df-9fcb-4276-b2cc-e4dcc29cea37,Managerial Accounting,Maryanne M. Mowen,Managerial Accounting.png
updated,Managerial Accounting.png,Managerial Accounting.png,https://ghpdpvatfmvsahzsqgpp.supabase.co/storage/v1/object/public/book-covers/Managerial%20Accounting.png,82bcd157-1764-44b1-8231-5f91844f62b8,Managerial Accounting,Michael W. Maher,Managerial Accounting.png
updated,Managerial Accounting.png,Managerial Accounting.png,https://ghpdpvatfmvsahzsqgpp.supabase.co/storage/v1/object/public/book-covers/Managerial%20Accounting.png,4db82914-1c3b-49a7-a096-624155d4c765,Managerial Accounting,Ray Garrison,Managerial Accounting.png
updated,Marijuana Cultivation Reconsidered.png,Marijuana Cultivation Reconsidered.png,https://ghpdpvatfmvsahzsqgpp.supabase.co/storage/v1/object/public/book-covers/Marijuana%20Cultivation%20Reconsidered.png,68da4613-8422-4a69-a36c-c26c098fba15,Marijuana Cultivation Reconsidered,Read Spear,Marijuana Cultivation Reconsidered.png
updated,Marijuana Garden Saver.png,Marijuana Garden Saver.png,https://ghpdpvatfmvsahzsqgpp.supabase.co/storage/v1/object/public/book-covers/Marijuana%20Garden%20Saver.png,7e646174-060d-433a-b9fb-9dc18f6301dc,Marijuana Garden Saver,Ed Rosenthal,Marijuana Garden Saver.png
updated,Marriage Games.png,Marriage Games.png,https://ghpdpvatfmvsahzsqgpp.supabase.co/storage/v1/object/public/book-covers/Marriage%20Games.png,5658b299-db6c-42e1-8645-e37c54d89050,Marriage Games,Cd Reiss,Marriage Games.png
updated,Mastering Snowboarding.png,Mastering Snowboarding.png,https://ghpdpvatfmvsahzsqgpp.supabase.co/storage/v1/object/public/book-covers/Mastering%20Snowboarding.png,e1c62bd3-e1d7-45a7-ab2a-8bac37c2efa8,Mastering Snowboarding,Hannah Teter,Mastering Snowboarding.png
updated,Math Curse.png,Math Curse.png,https://ghpdpvatfmvsahzsqgpp.supabase.co/storage/v1/object/public/book-covers/Math%20Curse.png,65c20bb0-0ec1-4853-b973-e6c6f38e1c52,Math Curse,Jon Scieszka,Math Curse.png
updated,Medicine Man.png,Medicine Man.png,https://ghpdpvatfmvsahzsqgpp.supabase.co/storage/v1/object/public/book-covers/Medicine%20Man.png,2a275080-e993-4161-9cde-8809875e2e7c,Medicine Man,Saffron A. Kent,Medicine Man.png
updated,Meerkat Mail.png,Meerkat Mail.png,https://ghpdpvatfmvsahzsqgpp.supabase.co/storage/v1/object/public/book-covers/Meerkat%20Mail.png,669dd5eb-43be-4205-a9ea-f2213688f077,Meerkat Mail,Emily Gravett,Meerkat Mail.png
updated,Meet Yasmin!.png,Meet Yasmin!.png,https://ghpdpvatfmvsahzsqgpp.supabase.co/storage/v1/object/public/book-covers/Meet%20Yasmin%21.png,0ff8fd17-6bae-48ed-bd7f-3cb0bc6ec942,Meet Yasmin!,Saadia Faruqi,Meet Yasmin!.png
updated,Melt for You.png,Melt for You.png,https://ghpdpvatfmvsahzsqgpp.supabase.co/storage/v1/object/public/book-covers/Melt%20for%20You.png,5d3b1c77-8262-4d1e-8129-a934d830fb00,Melt for You,J. T. Geissinger,Melt for You.png
updated,Men's Health Your Body is Your Barbell.png,Men's Health Your Body is Your Barbell.png,https://ghpdpvatfmvsahzsqgpp.supabase.co/storage/v1/object/public/book-covers/Men%27s%20Health%20Your%20Body%20is%20Your%20Barbell.png,f3a365ab-4fb9-4229-be86-b005ca45849a,Men's Health Your Body is Your Barbell,BJ Gaddour,Men's Health Your Body is Your Barbell.png
updated,Microsoft SQL Server 2019.png,Microsoft SQL Server 2019.png,https://ghpdpvatfmvsahzsqgpp.supabase.co/storage/v1/object/public/book-covers/Microsoft%20SQL%20Server%202019.png,9b7c7816-6273-4450-aaff-c3e02cac5faf,Microsoft SQL Server 2019,Dusan Petkovic,Microsoft SQL Server 2019.png
updated,Mighty Jack and the Goblin King.png,Mighty Jack and the Goblin King.png,https://ghpdpvatfmvsahzsqgpp.supabase.co/storage/v1/object/public/book-covers/Mighty%20Jack%20and%20the%20Goblin%20King.png,5271784f-f99a-4504-bcbb-66ac16842257,Mighty Jack and the Goblin King,Ben Hatke,Mighty Jack and the Goblin King.png
updated,Mile Markers.png,Mile Markers.png,https://ghpdpvatfmvsahzsqgpp.supabase.co/storage/v1/object/public/book-covers/Mile%20Markers.png,201b725e-08df-4f08-928b-a8ffd5bd56b7,Mile Markers,Kristin Armstrong,Mile Markers.png
updated,"Mind Your Manners, B.B. Wolf by Judy Sierra.png","Mind Your Manners, B.B. Wolf by Judy Sierra.png",https://ghpdpvatfmvsahzsqgpp.supabase.co/storage/v1/object/public/book-covers/Mind%20Your%20Manners%2C%20B.B.%20Wolf%20by%20Judy%20Sierra.png,1fc8bf8b-b4d7-4af2-a93b-15e0d2075c56,"Mind Your Manners, B.B. Wolf by Judy Sierra",,"Mind Your Manners, B.B. Wolf by Judy Sierra.png"
updated,Mindfulness and Acceptance Workbook for Social Anxiety and Shyness.png,Mindfulness and Acceptance Workbook for Social Anxiety and Shyness.png,https://ghpdpvatfmvsahzsqgpp.supabase.co/storage/v1/object/public/book-covers/Mindfulness%20and%20Acceptance%20Workbook%20for%20Social%20Anxiety%20and%20Shyness.png,dd1750b2-7594-4e7a-8295-f9d7266f20c9,Mindfulness and Acceptance Workbook for Social Anxiety and Shyness,Jan E. Fleming,Mindfulness and Acceptance Workbook for Social Anxiety and Shyness.png
updated,Mindfulness for Teens in 10 Minutes a Day.png,Mindfulness for Teens in 10 Minutes a Day.png,https://ghpdpvatfmvsahzsqgpp.supabase.co/storage/v1/object/public/book-covers/Mindfulness%20for%20Teens%20in%2010%20Minutes%20a%20Day.png,a8fc3972-46ff-4e65-9cd2-ecf95091e461,Mindfulness for Teens in 10 Minutes a Day,Jennie Marie Battistin MA LMFT,Mindfulness for Teens in 10 Minutes a Day.png
updated,"Mindfulness, Bliss, and Beyond.png","Mindfulness, Bliss, and Beyond.png",https://ghpdpvatfmvsahzsqgpp.supabase.co/storage/v1/object/public/book-covers/Mindfulness%2C%20Bliss%2C%20and%20Beyond.png,3876092f-a984-4b47-b722-7a35b5531df5,"Mindfulness, Bliss, and Beyond",Ajahn Brahm,"Mindfulness, Bliss, and Beyond.png"
updated,Missed Her.png,Missed Her.png,https://ghpdpvatfmvsahzsqgpp.supabase.co/storage/v1/object/public/book-covers/Missed%20Her.png,b94ea5d7-cab2-465b-b1eb-27b744bb98a0,Missed Her,Ivan Coyote,Missed Her.png
updated,Mix It Up.png,Mix It Up.png,https://ghpdpvatfmvsahzsqgpp.supabase.co/storage/v1/object/public/book-covers/Mix%20It%20Up.png,6cfc708f-def1-476c-8c04-210958865349,Mix It Up,Herve Tullet,Mix It Up.png
updated,Mobile Solar Power Made Easy!.png,Mobile Solar Power Made Easy!.png,https://ghpdpvatfmvsahzsqgpp.supabase.co/storage/v1/object/public/book-covers/Mobile%20Solar%20Power%20Made%20Easy%21.png,1faa39f4-c153-4e22-8121-a034f1ebada9,Mobile Solar Power Made Easy!,William Errol Prowse IV,Mobile Solar Power Made Easy!.png
updated,Modern Vegan Baking.png,Modern Vegan Baking.png,https://ghpdpvatfmvsahzsqgpp.supabase.co/storage/v1/object/public/book-covers/Modern%20Vegan%20Baking.png,a8e4b78c-42f0-4f45-805a-d1c0f3c52969,Modern Vegan Baking,Gretchen Price,Modern Vegan Baking.png
updated,Mommy! I Have to Go Potty!.png,Mommy! I Have to Go Potty!.png,https://ghpdpvatfmvsahzsqgpp.supabase.co/storage/v1/object/public/book-covers/Mommy%21%20I%20Have%20to%20Go%20Potty%21.png,3bea129f-ba8d-451a-902f-50b41ba205ce,Mommy! I Have to Go Potty!,Jan Faull,Mommy! I Have to Go Potty!.png
updated,Momo.png,Momo.png,https://ghpdpvatfmvsahzsqgpp.supabase.co/storage/v1/object/public/book-covers/Momo.png,71c1f92c-7456-4260-a47f-b4520c406dd0,Momo,Michael Ende,Momo.png
updated,Monochrome Home.png,Monochrome Home.png,https://ghpdpvatfmvsahzsqgpp.supabase.co/storage/v1/object/public/book-covers/Monochrome%20Home.png,a54b59b1-7bf2-4f1d-aa96-5f3a8af19222,Monochrome Home,Hilary Robertson,Monochrome Home.png
updated,Mooncakes and Milk Bread.png,Mooncakes and Milk Bread.png,https://ghpdpvatfmvsahzsqgpp.supabase.co/storage/v1/object/public/book-covers/Mooncakes%20and%20Milk%20Bread.png,3c73ac38-b742-49e4-b884-491810268c64,Mooncakes and Milk Bread,Kristina Cho,Mooncakes and Milk Bread.png
updated,Moregasm.png,Moregasm.png,https://ghpdpvatfmvsahzsqgpp.supabase.co/storage/v1/object/public/book-covers/Moregasm.png,58cf7add-3319-4590-b1a6-83c2cc03f0bd,Moregasm,Rachel Venning,Moregasm.png
updated,Mortal Engines.png,Mortal Engines.png,https://ghpdpvatfmvsahzsqgpp.supabase.co/storage/v1/object/public/book-covers/Mortal%20Engines.png,0fcea67a-8178-4136-b57f-a086d3183fb4,Mortal Engines,Philip Reeve,Mortal Engines.png
updated,Mostly Dead Things.png,Mostly Dead Things.png,https://ghpdpvatfmvsahzsqgpp.supabase.co/storage/v1/object/public/book-covers/Mostly%20Dead%20Things.png,33f95038-7224-408d-9d31-c70afd69b18f,Mostly Dead Things,Kristen Arnett,Mostly Dead Things.png
updated,Mostly Harmless Econometrics.png,Mostly Harmless Econometrics.png,https://ghpdpvatfmvsahzsqgpp.supabase.co/storage/v1/object/public/book-covers/Mostly%20Harmless%20Econometrics.png,f107dc56-4115-4827-b790-d6e342aa84b7,Mostly Harmless Econometrics,Joshua D. Angrist,Mostly Harmless Econometrics.png
updated,Mouse Was Mad.png,Mouse Was Mad.png,https://ghpdpvatfmvsahzsqgpp.supabase.co/storage/v1/object/public/book-covers/Mouse%20Was%20Mad.png,f8334399-2cfd-405f-84d0-36a5a6af37b5,Mouse Was Mad,Linda Urban,Mouse Was Mad.png
updated,Movies.png,Movies.png,https://ghpdpvatfmvsahzsqgpp.supabase.co/storage/v1/object/public/book-covers/Movies.png,dcb07e9c-d875-4899-9c80-6e1cc7d4bd4c,Movies,Shea Serrano,Movies.png
updated,Multiple Intelligences.png,Multiple Intelligences.png,https://ghpdpvatfmvsahzsqgpp.supabase.co/storage/v1/object/public/book-covers/Multiple%20Intelligences.png,9081480e-c81e-4026-8a34-fc12804e0a56,Multiple Intelligences,Howard E. Gardner,Multiple Intelligences.png
updated,Mushoku Tensei.png,Mushoku Tensei.png,https://ghpdpvatfmvsahzsqgpp.supabase.co/storage/v1/object/public/book-covers/Mushoku%20Tensei.png,4cfdce02-e17f-426e-af2d-3199e3fbe187,Mushoku Tensei,Rifujin na Magonote,Mushoku Tensei.png
updated,My 60 Memorable Games.png,My 60 Memorable Games.png,https://ghpdpvatfmvsahzsqgpp.supabase.co/storage/v1/object/public/book-covers/My%2060%20Memorable%20Games.png,0a96f3c0-0793-4381-b8ce-5a56c1a8ecca,My 60 Memorable Games,Bobby Fischer,My 60 Memorable Games.png
updated,My Brother Is a Superhero.png,My Brother Is a Superhero.png,https://ghpdpvatfmvsahzsqgpp.supabase.co/storage/v1/object/public/book-covers/My%20Brother%20Is%20a%20Superhero.png,d0f11e5f-d1be-4cf0-8cca-46165c57f2d2,My Brother Is a Superhero,David Solomons,My Brother Is a Superhero.png
updated,My Calabria.png,My Calabria.png,https://ghpdpvatfmvsahzsqgpp.supabase.co/storage/v1/object/public/book-covers/My%20Calabria.png,5cb0a49a-786f-4fca-9d94-b62f2ebb1911,My Calabria,"Rosetta Costantino, Janet Fletcher",My Calabria.png
updated,My Encyclopedia of Very Important Dinosaurs.png,My Encyclopedia of Very Important Dinosaurs.png,https://ghpdpvatfmvsahzsqgpp.supabase.co/storage/v1/object/public/book-covers/My%20Encyclopedia%20of%20Very%20Important%20Dinosaurs.png,52587830-d887-407e-9c22-a543decdf972,My Encyclopedia of Very Important Dinosaurs,DK,My Encyclopedia of Very Important Dinosaurs.png
updated,My First Book of Quantum Physics.png,My First Book of Quantum Physics.png,https://ghpdpvatfmvsahzsqgpp.supabase.co/storage/v1/object/public/book-covers/My%20First%20Book%20of%20Quantum%20Physics.png,7edf35f4-0d1a-4912-9fb7-1467e59f998e,My First Book of Quantum Physics,KaidSala Ferrón Sheddad,My First Book of Quantum Physics.png
updated,My First Coding Book.png,My First Coding Book.png,https://ghpdpvatfmvsahzsqgpp.supabase.co/storage/v1/object/public/book-covers/My%20First%20Coding%20Book.png,fc672d62-3c3c-42c0-89d2-41f123438f55,My First Coding Book,Kiki Prottsman,My First Coding Book.png
updated,My Friend Fear.png,My Friend Fear.png,https://ghpdpvatfmvsahzsqgpp.supabase.co/storage/v1/object/public/book-covers/My%20Friend%20Fear.png,143dd2dd-730c-4528-91b7-3151d64408ab,My Friend Fear,Meera Lee Patel,My Friend Fear.png
updated,My Life in France.png,My Life in France.png,https://ghpdpvatfmvsahzsqgpp.supabase.co/storage/v1/object/public/book-covers/My%20Life%20in%20France.png,8346ea0c-4b91-402e-a384-332f7cfdcea4,My Life in France,Julia Child,My Life in France.png
updated,My Losing Season.png,My Losing Season.png,https://ghpdpvatfmvsahzsqgpp.supabase.co/storage/v1/object/public/book-covers/My%20Losing%20Season.png,9ebf863b-bd75-4b88-98d7-c712955e6c4c,My Losing Season,Pat Conroy,My Losing Season.png
updated,My Lovely Wife.png,My Lovely Wife.png,https://ghpdpvatfmvsahzsqgpp.supabase.co/storage/v1/object/public/book-covers/My%20Lovely%20Wife.png,d25ce17b-e2c4-4e84-8f04-727143be4158,My Lovely Wife,Samantha Downing,My Lovely Wife.png
updated,My Name Is Mary Sutter.png,My Name Is Mary Sutter.png,https://ghpdpvatfmvsahzsqgpp.supabase.co/storage/v1/object/public/book-covers/My%20Name%20Is%20Mary%20Sutter.png,5ee7e960-f74c-47bb-900c-0ad4edeaf435,My Name Is Mary Sutter,Robin Oliveira,My Name Is Mary Sutter.png
updated,My Water Comes from the Rocky Mountains.png,My Water Comes from the Rocky Mountains.png,https://ghpdpvatfmvsahzsqgpp.supabase.co/storage/v1/object/public/book-covers/My%20Water%20Comes%20from%20the%20Rocky%20Mountains.png,9b88f366-e6a7-4b3f-9973-280a0ecf91a6,My Water Comes from the Rocky Mountains,Tiffany Fourment,My Water Comes from the Rocky Mountains.png
updated,MySQL Explained.png,MySQL Explained.png,https://ghpdpvatfmvsahzsqgpp.supabase.co/storage/v1/object/public/book-covers/MySQL%20Explained.png,64b07ba5-3778-4235-acfe-1efe0191ea89,MySQL Explained,Andrew Comeau,MySQL Explained.png
updated,MySQL Explained.png,MySQL Explained.png,https://ghpdpvatfmvsahzsqgpp.supabase.co/storage/v1/object/public/book-covers/MySQL%20Explained.png,abdd197c-9aa7-4ce1-9191-815b29c4c814,MySQL Explained,Mr. Andrew Comeau,MySQL Explained.png
updated,Nana 2.png,Nana 2.png,https://ghpdpvatfmvsahzsqgpp.supabase.co/storage/v1/object/public/book-covers/Nana%202.png,24b3f19d-ed08-4d6e-8d3c-f7478387d5c8,Nana 2,Al Yazawa Ai Yazawa,Nana 2.png
updated,National Geographic Complete National Parks of the United States.png,National Geographic Complete National Parks of the United States.png,https://ghpdpvatfmvsahzsqgpp.supabase.co/storage/v1/object/public/book-covers/National%20Geographic%20Complete%20National%20Parks%20of%20the%20United%20States.png,59ed10ff-5637-47db-bfd1-4a6bf625e2c1,National Geographic Complete National Parks of the United States,Mel White,National Geographic Complete National Parks of the United States.png
updated,National Geographic Kids Everything Ancient Egypt.png,National Geographic Kids Everything Ancient Egypt.png,https://ghpdpvatfmvsahzsqgpp.supabase.co/storage/v1/object/public/book-covers/National%20Geographic%20Kids%20Everything%20Ancient%20Egypt.png,7522044e-866b-48b1-83b6-9f54a105623b,National Geographic Kids Everything Ancient Egypt,Crispin Boyer,National Geographic Kids Everything Ancient Egypt.png
updated,Network Security with pfSense.png,Network Security with pfSense.png,https://ghpdpvatfmvsahzsqgpp.supabase.co/storage/v1/object/public/book-covers/Network%20Security%20with%20pfSense.png,f14776de-db4c-40b7-bb6b-7c09dba28674,Network Security with pfSense,Manuj Aggarwal,Network Security with pfSense.png
updated,Never Die Easy.png,Never Die Easy.png,https://ghpdpvatfmvsahzsqgpp.supabase.co/storage/v1/object/public/book-covers/Never%20Die%20Easy.png,38749e92-fe0e-4965-9ad5-4d6d5b48ef05,Never Die Easy,Walter Payton,Never Die Easy.png
updated,Never Die.png,Never Die.png,https://ghpdpvatfmvsahzsqgpp.supabase.co/storage/v1/object/public/book-covers/Never%20Die.png,eaddcae0-a824-46a3-9b34-671c7b6a80b2,Never Die,Rob J Hayes,Never Die.png
updated,Never Touch a Dragon.png,Never Touch a Dragon.png,https://ghpdpvatfmvsahzsqgpp.supabase.co/storage/v1/object/public/book-covers/Never%20Touch%20a%20Dragon.png,5455f6c2-72f5-40ea-86be-866d7c76a0be,Never Touch a Dragon,Make Believe Ideas Ltd.,Never Touch a Dragon.png
updated,New FixItYourself Manual.png,New FixItYourself Manual.png,https://ghpdpvatfmvsahzsqgpp.supabase.co/storage/v1/object/public/book-covers/New%20FixItYourself%20Manual.png,19443cfb-a5e0-4e05-940d-736b978bebc5,New FixItYourself Manual,Reader'S Digest,New FixItYourself Manual.png
updated,New Kid.png,New Kid.png,https://ghpdpvatfmvsahzsqgpp.supabase.co/storage/v1/object/public/book-covers/New%20Kid.png,c365a161-44b2-4044-a29a-6b4182ca0743,New Kid,Jerry Craft,New Kid.png
updated,Night Dogs.png,Night Dogs.png,https://ghpdpvatfmvsahzsqgpp.supabase.co/storage/v1/object/public/book-covers/Night%20Dogs.png,411261d0-1ecc-4b7b-97c9-2a0ba46a6339,Night Dogs,Kent Anderson,Night Dogs.png
updated,NightWatch.png,NightWatch.png,https://ghpdpvatfmvsahzsqgpp.supabase.co/storage/v1/object/public/book-covers/NightWatch.png,e44a342e-7ef2-42df-ae2c-352e027e7332,NightWatch,Terence Dickinson,NightWatch.png
updated,No Barriers.png,No Barriers.png,https://ghpdpvatfmvsahzsqgpp.supabase.co/storage/v1/object/public/book-covers/No%20Barriers.png,52def622-909f-409c-8518-55509d2130f9,No Barriers,"Erik Weihenmayer, Buddy Levy",No Barriers.png
updated,No Hiding in The Open.png,No Hiding in The Open.png,https://ghpdpvatfmvsahzsqgpp.supabase.co/storage/v1/object/public/book-covers/No%20Hiding%20in%20The%20Open.png,1b7a7c5f-9b01-4147-9818-6983b5ca5a85,No Hiding in The Open,John Hoskison,No Hiding in The Open.png
updated,No Rules Rules.png,No Rules Rules.png,https://ghpdpvatfmvsahzsqgpp.supabase.co/storage/v1/object/public/book-covers/No%20Rules%20Rules.png,48f0d468-7fea-4a70-b65c-93b67b1b7a88,No Rules Rules,Rainn Wilson,No Rules Rules.png
updated,No Rules Rules.png,No Rules Rules.png,https://ghpdpvatfmvsahzsqgpp.supabase.co/storage/v1/object/public/book-covers/No%20Rules%20Rules.png,e3b78697-2346-467d-816f-6b53bc89f93f,No Rules Rules,Reed Hastings,No Rules Rules.png
updated,No Rules Rules.png,No Rules Rules.png,https://ghpdpvatfmvsahzsqgpp.supabase.co/storage/v1/object/public/book-covers/No%20Rules%20Rules.png,c70ac9dd-654c-4a87-a009-776aadd43eb9,No Rules Rules,Reed Hastings & Erin Meyer,No Rules Rules.png
updated,No Visible Bruises.png,No Visible Bruises.png,https://ghpdpvatfmvsahzsqgpp.supabase.co/storage/v1/object/public/book-covers/No%20Visible%20Bruises.png,c870c1f0-c4e1-4130-95e7-8e8fe2db6db7,No Visible Bruises,Rachel Louise Snyder,No Visible Bruises.png
updated,NoNonsense Buddhism for Beginners.png,NoNonsense Buddhism for Beginners.png,https://ghpdpvatfmvsahzsqgpp.supabase.co/storage/v1/object/public/book-covers/NoNonsense%20Buddhism%20for%20Beginners.png,42e26e32-abd6-4675-b5d0-d5f4dfe9100e,NoNonsense Buddhism for Beginners,Noah Rasheta,NoNonsense Buddhism for Beginners.png
updated,Nobody Wants to Play with a Ball Hog.png,Nobody Wants to Play with a Ball Hog.png,https://ghpdpvatfmvsahzsqgpp.supabase.co/storage/v1/object/public/book-covers/Nobody%20Wants%20to%20Play%20with%20a%20Ball%20Hog.png,9bb909dd-a2d1-45c5-950e-a98deefab801,Nobody Wants to Play with a Ball Hog,Julie Gassman,Nobody Wants to Play with a Ball Hog.png
updated,Nobu's Vegetarian Cookbook.png,Nobu's Vegetarian Cookbook.png,https://ghpdpvatfmvsahzsqgpp.supabase.co/storage/v1/object/public/book-covers/Nobu%27s%20Vegetarian%20Cookbook.png,7b701f77-70b9-460c-8cda-8590cfc8959d,Nobu's Vegetarian Cookbook,Nobu Matsuhisa,Nobu's Vegetarian Cookbook.png
updated,Notes from an Even Smaller Island.png,Notes from an Even Smaller Island.png,https://ghpdpvatfmvsahzsqgpp.supabase.co/storage/v1/object/public/book-covers/Notes%20from%20an%20Even%20Smaller%20Island.png,ceaad8db-f608-4e3f-a5e1-33a662c91634,Notes from an Even Smaller Island,Neil Humphreys,Notes from an Even Smaller Island.png
updated,Nothing But Trouble.png,Nothing But Trouble.png,https://ghpdpvatfmvsahzsqgpp.supabase.co/storage/v1/object/public/book-covers/Nothing%20But%20Trouble.png,6156a281-ca97-4dcf-bf1e-719c22544937,Nothing But Trouble,P. Dangelico,Nothing But Trouble.png
updated,Nothing But Trouble.png,Nothing But Trouble.png,https://ghpdpvatfmvsahzsqgpp.supabase.co/storage/v1/object/public/book-covers/Nothing%20But%20Trouble.png,efa9b1fa-913a-43f5-bfcc-a27e6a124dec,Nothing But Trouble,Rachel Gibson,Nothing But Trouble.png
updated,Nothing But Trouble.png,Nothing But Trouble.png,https://ghpdpvatfmvsahzsqgpp.supabase.co/storage/v1/object/public/book-covers/Nothing%20But%20Trouble.png,17f0a335-91b0-4275-9ca8-e1cafeec98f6,Nothing But Trouble,Beverly Barton,Nothing But Trouble.png
updated,Nothing But Trouble.png,Nothing But Trouble.png,https://ghpdpvatfmvsahzsqgpp.supabase.co/storage/v1/object/public/book-covers/Nothing%20But%20Trouble.png,297f0930-a555-4222-8d32-c32f2d97fe9f,Nothing But Trouble,Michael McGarrity,Nothing But Trouble.png
updated,Nothing But Trouble.png,Nothing But Trouble.png,https://ghpdpvatfmvsahzsqgpp.supabase.co/storage/v1/object/public/book-covers/Nothing%20But%20Trouble.png,36e08cbd-762a-4226-9f33-813b1a4acd24,Nothing But Trouble,Roberta Kray,Nothing But Trouble.png
updated,Nutrition and Physical Degeneration.png,Nutrition and Physical Degeneration.png,https://ghpdpvatfmvsahzsqgpp.supabase.co/storage/v1/object/public/book-covers/Nutrition%20and%20Physical%20Degeneration.png,286505be-12e7-4002-84a5-1ab6e929096b,Nutrition and Physical Degeneration,Weston Andrew Price,Nutrition and Physical Degeneration.png
updated,OCD Workbook 3d.png,OCD Workbook 3d.png,https://ghpdpvatfmvsahzsqgpp.supabase.co/storage/v1/object/public/book-covers/OCD%20Workbook%203d.png,0c2925ee-bb1e-4a6c-8a12-6d60e8888907,OCD Workbook 3d,"Bruce M. Hyman PhD LCSW, Cherlene Pedrick RN",OCD Workbook 3d.png
updated,Observing the User Experience.png,Observing the User Experience.png,https://ghpdpvatfmvsahzsqgpp.supabase.co/storage/v1/object/public/book-covers/Observing%20the%20User%20Experience.png,622dc03d-f856-4d10-8085-66c730c61629,Observing the User Experience,Elizabeth Goodman School of Information University of California Berkeley,Observing the User Experience.png
updated,Oculus.png,Oculus.png,https://ghpdpvatfmvsahzsqgpp.supabase.co/storage/v1/object/public/book-covers/Oculus.png,183c5081-81b1-4636-83b3-c59cabd28da7,Oculus,Sally Wen Mao,Oculus.png
updated,On China.png,On China.png,https://ghpdpvatfmvsahzsqgpp.supabase.co/storage/v1/object/public/book-covers/On%20China.png,14808b79-785a-4f0f-8940-d862e1d1feaa,On China,Henry Kissinger,On China.png
updated,On The Beach.png,On The Beach.png,https://ghpdpvatfmvsahzsqgpp.supabase.co/storage/v1/object/public/book-covers/On%20The%20Beach.png,dbed9adf-5f3b-4c9d-9821-bc2ccbf0c5f4,On The Beach,Nevil Shute,On The Beach.png
updated,One Night in Turin.png,One Night in Turin.png,https://ghpdpvatfmvsahzsqgpp.supabase.co/storage/v1/object/public/book-covers/One%20Night%20in%20Turin.png,1892f566-e275-4c88-ad78-2a71fa9ae128,One Night in Turin,Pete Davies,One Night in Turin.png
updated,"OnePunch Man, Vol. 1.png","OnePunch Man, Vol. 1.png",https://ghpdpvatfmvsahzsqgpp.supabase.co/storage/v1/object/public/book-covers/OnePunch%20Man%2C%20Vol.%201.png,12aa0f35-cbda-40ec-a60f-d8dd114504f3,"OnePunch Man, Vol. 1",ONE,"OnePunch Man, Vol. 1.png"
updated,Open.png,Open.png,https://ghpdpvatfmvsahzsqgpp.supabase.co/storage/v1/object/public/book-covers/Open.png,5f425e3f-7ed6-4153-9111-4c67c75db060,Open,John Feinstein,Open.png
updated,Otherland.png,Otherland.png,https://ghpdpvatfmvsahzsqgpp.supabase.co/storage/v1/object/public/book-covers/Otherland.png,a85639ac-c708-41ec-a068-5c1d44e09048,Otherland,Tad Williams,Otherland.png
updated,Our Dumb Century.png,Our Dumb Century.png,https://ghpdpvatfmvsahzsqgpp.supabase.co/storage/v1/object/public/book-covers/Our%20Dumb%20Century.png,0ec81c5b-5031-4763-a859-5652953eb12d,Our Dumb Century,The Onion,Our Dumb Century.png
updated,Out of the House of Bondage.png,Out of the House of Bondage.png,https://ghpdpvatfmvsahzsqgpp.supabase.co/storage/v1/object/public/book-covers/Out%20of%20the%20House%20of%20Bondage.png,c009ffdb-8888-4319-9b5f-3e7645444b63,Out of the House of Bondage,Thavolia Glymph,Out of the House of Bondage.png
updated,OutdoorIQ Ultimate Fishing Guide Just For Kids!.png,OutdoorIQ Ultimate Fishing Guide Just For Kids!.png,https://ghpdpvatfmvsahzsqgpp.supabase.co/storage/v1/object/public/book-covers/OutdoorIQ%20Ultimate%20Fishing%20Guide%20Just%20For%20Kids%21.png,c2313552-5eb8-462d-b7e2-83481d813417,OutdoorIQ Ultimate Fishing Guide Just For Kids!,"Dave D. Shellhaas, Steve A. Shellhaas",OutdoorIQ Ultimate Fishing Guide Just For Kids!.png
updated,Outlining Your Novel.png,Outlining Your Novel.png,https://ghpdpvatfmvsahzsqgpp.supabase.co/storage/v1/object/public/book-covers/Outlining%20Your%20Novel.png,81a27cda-3869-4d65-b991-dbef5fe43fce,Outlining Your Novel,K. M. Weiland,Outlining Your Novel.png
updated,Overdeliver.png,Overdeliver.png,https://ghpdpvatfmvsahzsqgpp.supabase.co/storage/v1/object/public/book-covers/Overdeliver.png,af87092e-5a8e-4c26-a746-b0378aa8b27c,Overdeliver,Brian Kurtz,Overdeliver.png
updated,Owl Babies.png,Owl Babies.png,https://ghpdpvatfmvsahzsqgpp.supabase.co/storage/v1/object/public/book-covers/Owl%20Babies.png,d2808e87-4714-4642-a2bb-f8564301fd76,Owl Babies,Martin Waddell,Owl Babies.png
updated,PHP.png,PHP.png,https://ghpdpvatfmvsahzsqgpp.supabase.co/storage/v1/object/public/book-covers/PHP.png,a39c5006-e2d9-491e-b5af-464f5be18a9a,PHP,"LCF Publishing, Jamie Chan",PHP.png
updated,PHP.png,PHP.png,https://ghpdpvatfmvsahzsqgpp.supabase.co/storage/v1/object/public/book-covers/PHP.png,8258f230-ecae-4f90-929b-689b8ac116d2,PHP,S. Holzner,PHP.png
updated,PHP.png,PHP.png,https://ghpdpvatfmvsahzsqgpp.supabase.co/storage/v1/object/public/book-covers/PHP.png,7317c719-9bf5-4597-95c3-504f0537bb99,PHP,Vikram Vaswani,PHP.png
updated,Pajama Time.png,Pajama Time.png,https://ghpdpvatfmvsahzsqgpp.supabase.co/storage/v1/object/public/book-covers/Pajama%20Time.png,47467187-3606-494d-9fb7-68002e3ed200,Pajama Time,Sandra Boynton,Pajama Time.png
updated,Panzer Commander.png,Panzer Commander.png,https://ghpdpvatfmvsahzsqgpp.supabase.co/storage/v1/object/public/book-covers/Panzer%20Commander.png,1cded3f4-db36-4369-923a-4b294ff64e1d,Panzer Commander,Hans von Luck,Panzer Commander.png
updated,Pasta Night.png,Pasta Night.png,https://ghpdpvatfmvsahzsqgpp.supabase.co/storage/v1/object/public/book-covers/Pasta%20Night.png,981af1e3-a22b-4311-ba25-e4146cd2e04a,Pasta Night,Kate McMillan,Pasta Night.png
updated,Pati Jinich Treasures of the Mexican Table.png,Pati Jinich Treasures of the Mexican Table.png,https://ghpdpvatfmvsahzsqgpp.supabase.co/storage/v1/object/public/book-covers/Pati%20Jinich%20Treasures%20of%20the%20Mexican%20Table.png,7357f7f7-32a6-43c4-8ad9-109b3bde9c04,Pati Jinich Treasures of the Mexican Table,Pati Jinich,Pati Jinich Treasures of the Mexican Table.png
updated,Patriots.png,Patriots.png,https://ghpdpvatfmvsahzsqgpp.supabase.co/storage/v1/object/public/book-covers/Patriots.png,fc71efd2-566b-45ce-bead-93fb72714764,Patriots,James Wesley Rawles,Patriots.png
updated,Patriots.png,Patriots.png,https://ghpdpvatfmvsahzsqgpp.supabase.co/storage/v1/object/public/book-covers/Patriots.png,c48cad5e-dd7a-4bfb-bf71-ebfa9eb77f84,Patriots,A. J. Langguth,Patriots.png
updated,Patternmaking with Stretch Knit Fabrics.png,Patternmaking with Stretch Knit Fabrics.png,https://ghpdpvatfmvsahzsqgpp.supabase.co/storage/v1/object/public/book-covers/Patternmaking%20with%20Stretch%20Knit%20Fabrics.png,bc78a6ea-edc3-4cc2-a537-88d287ec92d8,Patternmaking with Stretch Knit Fabrics,Julie Cole,Patternmaking with Stretch Knit Fabrics.png
updated,Penny and Her Marble.png,Penny and Her Marble.png,https://ghpdpvatfmvsahzsqgpp.supabase.co/storage/v1/object/public/book-covers/Penny%20and%20Her%20Marble.png,beb54631-f645-49b8-8a38-e69829f29fea,Penny and Her Marble,Kevin Henkes,Penny and Her Marble.png
updated,People Who Eat Darkness.png,People Who Eat Darkness.png,https://ghpdpvatfmvsahzsqgpp.supabase.co/storage/v1/object/public/book-covers/People%20Who%20Eat%20Darkness.png,7ceca774-43b9-48e3-ac55-9fcb76923ae6,People Who Eat Darkness,Richard Lloyd Parry,People Who Eat Darkness.png
updated,Perfect Puppy in 7 Days.png,Perfect Puppy in 7 Days.png,https://ghpdpvatfmvsahzsqgpp.supabase.co/storage/v1/object/public/book-covers/Perfect%20Puppy%20in%207%20Days.png,2507ad64-a740-4bbb-8b82-70a47ae3b198,Perfect Puppy in 7 Days,Dr. Sophia Yin,Perfect Puppy in 7 Days.png
updated,Perfect Puppy in 7 Days.png,Perfect Puppy in 7 Days.png,https://ghpdpvatfmvsahzsqgpp.supabase.co/storage/v1/object/public/book-covers/Perfect%20Puppy%20in%207%20Days.png,33ec53fc-d3d3-46cb-be48-f6fcec6a88a4,Perfect Puppy in 7 Days,Sophia Yin,Perfect Puppy in 7 Days.png
updated,Perfume.png,Perfume.png,https://ghpdpvatfmvsahzsqgpp.supabase.co/storage/v1/object/public/book-covers/Perfume.png,c900acab-cff6-4a8b-9cc6-504fc5aa4924,Perfume,Patrick Suskind,Perfume.png
updated,Perfume.png,Perfume.png,https://ghpdpvatfmvsahzsqgpp.supabase.co/storage/v1/object/public/book-covers/Perfume.png,53ca33ea-aba1-494f-a5aa-6d710cdc7631,Perfume,Patrick Sskind,Perfume.png
updated,Personal Trainer Pocketbook.png,Personal Trainer Pocketbook.png,https://ghpdpvatfmvsahzsqgpp.supabase.co/storage/v1/object/public/book-covers/Personal%20Trainer%20Pocketbook.png,c02f96ba-9184-4a6c-a0bf-8d619dd140d3,Personal Trainer Pocketbook,Jonathan Goodman,Personal Trainer Pocketbook.png
updated,Personality Types.png,Personality Types.png,https://ghpdpvatfmvsahzsqgpp.supabase.co/storage/v1/object/public/book-covers/Personality%20Types.png,3851db63-e2e6-4947-b3cb-3064f408d2cf,Personality Types,Don Richard Riso,Personality Types.png
updated,Pete the Cat Goes Camping.png,Pete the Cat Goes Camping.png,https://ghpdpvatfmvsahzsqgpp.supabase.co/storage/v1/object/public/book-covers/Pete%20the%20Cat%20Goes%20Camping.png,c0a8ff0f-6899-4e70-a533-b2237bcc8b76,Pete the Cat Goes Camping,James Dean,Pete the Cat Goes Camping.png
updated,Pete the Cat and His Four Groovy Buttons.png,Pete the Cat and His Four Groovy Buttons.png,https://ghpdpvatfmvsahzsqgpp.supabase.co/storage/v1/object/public/book-covers/Pete%20the%20Cat%20and%20His%20Four%20Groovy%20Buttons.png,f9d75bcf-32a5-4fac-acbe-d8553db9702a,Pete the Cat and His Four Groovy Buttons,James Dean,Pete the Cat and His Four Groovy Buttons.png
updated,Petra's Ghost.png,Petra's Ghost.png,https://ghpdpvatfmvsahzsqgpp.supabase.co/storage/v1/object/public/book-covers/Petra%27s%20Ghost.png,01566e59-e58c-42e1-ab10-32bae1cbe5ab,Petra's Ghost,C. S. O'Cinneide,Petra's Ghost.png
updated,Phenomenology of Spirit.png,Phenomenology of Spirit.png,https://ghpdpvatfmvsahzsqgpp.supabase.co/storage/v1/object/public/book-covers/Phenomenology%20of%20Spirit.png,aaf8304a-166f-48c7-86a3-743be1300bac,Phenomenology of Spirit,G. W. F. Hegel,Phenomenology of Spirit.png
updated,Photographers Eye.png,Photographers Eye.png,https://ghpdpvatfmvsahzsqgpp.supabase.co/storage/v1/object/public/book-covers/Photographers%20Eye.png,c657eef1-5b01-4676-a682-712e38f66c09,Photographers Eye,Michael Freeman,Photographers Eye.png
updated,"Piano Adventures Lesson Book, Primer Level.png","Piano Adventures Lesson Book, Primer Level.png",https://ghpdpvatfmvsahzsqgpp.supabase.co/storage/v1/object/public/book-covers/Piano%20Adventures%20Lesson%20Book%2C%20Primer%20Level.png,1a159f86-1f68-4b84-a1a7-c8df688291aa,"Piano Adventures Lesson Book, Primer Level",,"Piano Adventures Lesson Book, Primer Level.png"
updated,Picasso and the Girl with a Ponytail.png,Picasso and the Girl with a Ponytail.png,https://ghpdpvatfmvsahzsqgpp.supabase.co/storage/v1/object/public/book-covers/Picasso%20and%20the%20Girl%20with%20a%20Ponytail.png,1c63efca-f655-4f31-abac-4f60c1e82e48,Picasso and the Girl with a Ponytail,Laurence Anholt,Picasso and the Girl with a Ponytail.png
updated,Pirate Mom.png,Pirate Mom.png,https://ghpdpvatfmvsahzsqgpp.supabase.co/storage/v1/object/public/book-covers/Pirate%20Mom.png,97a217cd-12ba-4ef5-9671-245727925432,Pirate Mom,Deborah Underwood,Pirate Mom.png
updated,Pirate Pete.png,Pirate Pete.png,https://ghpdpvatfmvsahzsqgpp.supabase.co/storage/v1/object/public/book-covers/Pirate%20Pete.png,db1d2712-d5c4-4d5f-826a-57b855d8be37,Pirate Pete,Kim Kennedy,Pirate Pete.png
updated,Pirates Go to School.png,Pirates Go to School.png,https://ghpdpvatfmvsahzsqgpp.supabase.co/storage/v1/object/public/book-covers/Pirates%20Go%20to%20School.png,89ede0e8-0f56-4182-b039-d16570170e47,Pirates Go to School,Corinne Demas,Pirates Go to School.png
updated,Pirates Past Noon.png,Pirates Past Noon.png,https://ghpdpvatfmvsahzsqgpp.supabase.co/storage/v1/object/public/book-covers/Pirates%20Past%20Noon.png,4bd2caa5-bd6d-41ba-abe7-31b276c41fa9,Pirates Past Noon,Mary Pope Osborne,Pirates Past Noon.png
updated,"Polar Bear, Polar Bear, What Do You Hear.png","Polar Bear, Polar Bear, What Do You Hear.png",https://ghpdpvatfmvsahzsqgpp.supabase.co/storage/v1/object/public/book-covers/Polar%20Bear%2C%20Polar%20Bear%2C%20What%20Do%20You%20Hear.png,53d42bc6-8e43-489d-8db7-8c67806d3bef,"Polar Bear, Polar Bear, What Do You Hear",Bill Martin Jr.,"Polar Bear, Polar Bear, What Do You Hear.png"
updated,Political Order and Political Decay.png,Political Order and Political Decay.png,https://ghpdpvatfmvsahzsqgpp.supabase.co/storage/v1/object/public/book-covers/Political%20Order%20and%20Political%20Decay.png,8c38810c-9b05-442a-873c-48dd914c30f5,Political Order and Political Decay,Francis Fukuyama,Political Order and Political Decay.png
updated,Poop! There it is!.png,Poop! There it is!.png,https://ghpdpvatfmvsahzsqgpp.supabase.co/storage/v1/object/public/book-covers/Poop%21%20There%20it%20is%21.png,aff12d8c-adbd-4b78-8d17-ca0a1345bdd2,Poop! There it is!,Xavier Finkley,Poop! There it is!.png
updated,Pop Manga Coloring Book.png,Pop Manga Coloring Book.png,https://ghpdpvatfmvsahzsqgpp.supabase.co/storage/v1/object/public/book-covers/Pop%20Manga%20Coloring%20Book.png,aea1cfa3-645e-4793-b0d7-845057191358,Pop Manga Coloring Book,Camilla D'Errico,Pop Manga Coloring Book.png
updated,Positivity.png,Positivity.png,https://ghpdpvatfmvsahzsqgpp.supabase.co/storage/v1/object/public/book-covers/Positivity.png,f8d6fd7d-80c3-4695-94af-0c0ea9f10f32,Positivity,Barbara Fredrickson,Positivity.png
updated,Potlimit Omaha Poker.png,Potlimit Omaha Poker.png,https://ghpdpvatfmvsahzsqgpp.supabase.co/storage/v1/object/public/book-covers/Potlimit%20Omaha%20Poker.png,f5f577ed-98dd-4498-953f-29fb84c829f5,Potlimit Omaha Poker,Jeff Hwang,Potlimit Omaha Poker.png
updated,Potty Time with Elmo (Sesame Street).png,Potty Time with Elmo (Sesame Street).png,https://ghpdpvatfmvsahzsqgpp.supabase.co/storage/v1/object/public/book-covers/Potty%20Time%20with%20Elmo%20%28Sesame%20Street%29.png,e003fbb1-9c6a-434a-ba5d-01f6e3df7090,Potty Time with Elmo (Sesame Street),PI Kids,Potty Time with Elmo (Sesame Street).png
updated,"Practice of Cloud System Administration, The.png","Practice of Cloud System Administration, The.png",https://ghpdpvatfmvsahzsqgpp.supabase.co/storage/v1/object/public/book-covers/Practice%20of%20Cloud%20System%20Administration%2C%20The.png,b246b6b5-d44c-49f9-8182-98b8e76f975e,"Practice of Cloud System Administration, The",Thomas Limoncelli,"Practice of Cloud System Administration, The.png"
updated,Prairie Fires.png,Prairie Fires.png,https://ghpdpvatfmvsahzsqgpp.supabase.co/storage/v1/object/public/book-covers/Prairie%20Fires.png,8ced30d2-2725-4896-9c2e-55272280f3b4,Prairie Fires,Caroline Fraser,Prairie Fires.png
updated,Principles of Genetics.png,Principles of Genetics.png,https://ghpdpvatfmvsahzsqgpp.supabase.co/storage/v1/object/public/book-covers/Principles%20of%20Genetics.png,55e0e80f-6a71-4b3b-93b7-644475b65878,Principles of Genetics,Gardner,Principles of Genetics.png
updated,Principles of Muscle Building Program Design.png,Principles of Muscle Building Program Design.png,https://ghpdpvatfmvsahzsqgpp.supabase.co/storage/v1/object/public/book-covers/Principles%20of%20Muscle%20Building%20Program%20Design.png,efc3f813-aac9-42ab-b6e7-7e283b8bfbaa,Principles of Muscle Building Program Design,Nick Mitchell,Principles of Muscle Building Program Design.png
updated,Principles of Quantum Mechanics.png,Principles of Quantum Mechanics.png,https://ghpdpvatfmvsahzsqgpp.supabase.co/storage/v1/object/public/book-covers/Principles%20of%20Quantum%20Mechanics.png,c689c31d-4198-4e2f-a2dc-160e76ea98f4,Principles of Quantum Mechanics,R. Shankar,Principles of Quantum Mechanics.png
updated,Produce Your Own Damn Movie!.png,Produce Your Own Damn Movie!.png,https://ghpdpvatfmvsahzsqgpp.supabase.co/storage/v1/object/public/book-covers/Produce%20Your%20Own%20Damn%20Movie%21.png,33cbfbca-80e1-4ea0-9947-6cc8dbf2f01a,Produce Your Own Damn Movie!,Lloyd Kaufman,Produce Your Own Damn Movie!.png
updated,Project Management Case Studies.png,Project Management Case Studies.png,https://ghpdpvatfmvsahzsqgpp.supabase.co/storage/v1/object/public/book-covers/Project%20Management%20Case%20Studies.png,223e8252-bd09-446e-98f7-8acd0523a2ef,Project Management Case Studies,Harold Kerzner,Project Management Case Studies.png
updated,Proper English.png,Proper English.png,https://ghpdpvatfmvsahzsqgpp.supabase.co/storage/v1/object/public/book-covers/Proper%20English.png,15ad23c2-5dfe-43e0-bee4-6eaeea67c9d3,Proper English,KJ Charles,Proper English.png
updated,Psychedelic Medicine.png,Psychedelic Medicine.png,https://ghpdpvatfmvsahzsqgpp.supabase.co/storage/v1/object/public/book-covers/Psychedelic%20Medicine.png,f213e101-d8cd-4962-b579-b158a900c8df,Psychedelic Medicine,Dr. Richard Louis Miller,Psychedelic Medicine.png
updated,Python Machine Learning.png,Python Machine Learning.png,https://ghpdpvatfmvsahzsqgpp.supabase.co/storage/v1/object/public/book-covers/Python%20Machine%20Learning.png,30c1c991-b711-45d5-be71-7543a73c0ee9,Python Machine Learning,Sebastian Raschka,Python Machine Learning.png
updated,Quit Like a Millionaire.png,Quit Like a Millionaire.png,https://ghpdpvatfmvsahzsqgpp.supabase.co/storage/v1/object/public/book-covers/Quit%20Like%20a%20Millionaire.png,d4715a31-cd1a-4d3b-94cc-b42729a75461,Quit Like a Millionaire,Kristy Shen,Quit Like a Millionaire.png
updated,REST in Practice.png,REST in Practice.png,https://ghpdpvatfmvsahzsqgpp.supabase.co/storage/v1/object/public/book-covers/REST%20in%20Practice.png,f08c15ad-7919-4497-86ea-90c21edcabf4,REST in Practice,Jim Webber,REST in Practice.png
updated,Racing Weight.png,Racing Weight.png,https://ghpdpvatfmvsahzsqgpp.supabase.co/storage/v1/object/public/book-covers/Racing%20Weight.png,3d09318a-7a15-4b23-933e-67c969bbbf7a,Racing Weight,Matt Fitzgerald Cissn,Racing Weight.png
updated,Rapid Development.png,Rapid Development.png,https://ghpdpvatfmvsahzsqgpp.supabase.co/storage/v1/object/public/book-covers/Rapid%20Development.png,91e55bd5-8c3d-46d2-91e1-daefbfa6a18b,Rapid Development,Steve McConnell,Rapid Development.png
updated,Raspberry Pi for Secret Agents Third Edition.png,Raspberry Pi for Secret Agents Third Edition.png,https://ghpdpvatfmvsahzsqgpp.supabase.co/storage/v1/object/public/book-covers/Raspberry%20Pi%20for%20Secret%20Agents%20Third%20Edition.png,a067ff2e-d0d8-4850-a267-07ac03f30098,Raspberry Pi for Secret Agents Third Edition,Matthew Poole,Raspberry Pi for Secret Agents Third Edition.png
updated,Raving Fans.png,Raving Fans.png,https://ghpdpvatfmvsahzsqgpp.supabase.co/storage/v1/object/public/book-covers/Raving%20Fans.png,1ec53524-31f3-49bd-a07a-7c8894a00f6c,Raving Fans,Ken Blanchard,Raving Fans.png
updated,React in Action.png,React in Action.png,https://ghpdpvatfmvsahzsqgpp.supabase.co/storage/v1/object/public/book-covers/React%20in%20Action.png,a1dd6343-f756-40a4-a716-5ef11455e17c,React in Action,Mark Tielens Thomas,React in Action.png
updated,Read This If You Want to Take Great Photographs.png,Read This If You Want to Take Great Photographs.png,https://ghpdpvatfmvsahzsqgpp.supabase.co/storage/v1/object/public/book-covers/Read%20This%20If%20You%20Want%20to%20Take%20Great%20Photographs.png,454b2d6a-b9e4-4b4f-b87f-6994e6a127a4,Read This If You Want to Take Great Photographs,Henry Carroll,Read This If You Want to Take Great Photographs.png
updated,Real Queer America.png,Real Queer America.png,https://ghpdpvatfmvsahzsqgpp.supabase.co/storage/v1/object/public/book-covers/Real%20Queer%20America.png,eec00085-7fd4-43dc-afd3-bd89f70ef072,Real Queer America,Samantha Allen,Real Queer America.png
updated,Real.png,Real.png,https://ghpdpvatfmvsahzsqgpp.supabase.co/storage/v1/object/public/book-covers/Real.png,c2bf7230-dc21-4f28-92c0-dc0116476739,Real,Dave Crumby,Real.png
updated,Real.png,Real.png,https://ghpdpvatfmvsahzsqgpp.supabase.co/storage/v1/object/public/book-covers/Real.png,f55c250c-9ba5-4670-a1f2-b45ae4e2d7e9,Real,Katy Evans,Real.png
updated,Reaper's Gale.png,Reaper's Gale.png,https://ghpdpvatfmvsahzsqgpp.supabase.co/storage/v1/object/public/book-covers/Reaper%27s%20Gale.png,3a57d6e5-9da0-4055-9863-107eef94e427,Reaper's Gale,Steven Erikson,Reaper's Gale.png
updated,Recruit Rockstars.png,Recruit Rockstars.png,https://ghpdpvatfmvsahzsqgpp.supabase.co/storage/v1/object/public/book-covers/Recruit%20Rockstars.png,caac9cb2-f8e4-4df7-93a7-9ba26930f658,Recruit Rockstars,Jeff Hyman,Recruit Rockstars.png
updated,Red Queen.png,Red Queen.png,https://ghpdpvatfmvsahzsqgpp.supabase.co/storage/v1/object/public/book-covers/Red%20Queen.png,73927858-b358-44d7-ab11-b74f558d4e5a,Red Queen,Christina Henry,Red Queen.png
updated,Red Queen.png,Red Queen.png,https://ghpdpvatfmvsahzsqgpp.supabase.co/storage/v1/object/public/book-covers/Red%20Queen.png,5acd3692-03e9-49c3-9cc7-d10700cc80fe,Red Queen,Victoria Aveyard,Red Queen.png
updated,Redwoods.png,Redwoods.png,https://ghpdpvatfmvsahzsqgpp.supabase.co/storage/v1/object/public/book-covers/Redwoods.png,a4a4cd62-80c2-474d-94e0-5accc2e78497,Redwoods,Jason Chin,Redwoods.png
updated,Reflections on the Failure of Socialism.png,Reflections on the Failure of Socialism.png,https://ghpdpvatfmvsahzsqgpp.supabase.co/storage/v1/object/public/book-covers/Reflections%20on%20the%20Failure%20of%20Socialism.png,da06d0bd-4378-4769-b894-72b1cc1157e7,Reflections on the Failure of Socialism,Max Eastman,Reflections on the Failure of Socialism.png
updated,Regeneration.png,Regeneration.png,https://ghpdpvatfmvsahzsqgpp.supabase.co/storage/v1/object/public/book-covers/Regeneration.png,a302b14b-426f-4395-b8d9-762ea9dd1762,Regeneration,Pat Barker,Regeneration.png
updated,Relativity.png,Relativity.png,https://ghpdpvatfmvsahzsqgpp.supabase.co/storage/v1/object/public/book-covers/Relativity.png,b1e5a726-3027-4fa7-bfa3-2f83eaddba8c,Relativity,James Swallow,Relativity.png
updated,Relativity.png,Relativity.png,https://ghpdpvatfmvsahzsqgpp.supabase.co/storage/v1/object/public/book-covers/Relativity.png,611cff4e-202a-4df1-a55b-d33025e06ef0,Relativity,Albert Einstein,Relativity.png
updated,Resurrection Day.png,Resurrection Day.png,https://ghpdpvatfmvsahzsqgpp.supabase.co/storage/v1/object/public/book-covers/Resurrection%20Day.png,a3013e58-1d15-417b-b822-deff89d11197,Resurrection Day,Brendan Dubois,Resurrection Day.png
updated,Resurrection Day.png,Resurrection Day.png,https://ghpdpvatfmvsahzsqgpp.supabase.co/storage/v1/object/public/book-covers/Resurrection%20Day.png,2deeb758-7b13-4437-aac1-e61dcee776d2,Resurrection Day,Kenneth Robeson,Resurrection Day.png
updated,Rise the Euphrates.png,Rise the Euphrates.png,https://ghpdpvatfmvsahzsqgpp.supabase.co/storage/v1/object/public/book-covers/Rise%20the%20Euphrates.png,6681f8a7-1e84-46ff-9961-97f0498a4467,Rise the Euphrates,Carol Edgarian,Rise the Euphrates.png
updated,Rivalry and Central Planning.png,Rivalry and Central Planning.png,https://ghpdpvatfmvsahzsqgpp.supabase.co/storage/v1/object/public/book-covers/Rivalry%20and%20Central%20Planning.png,80ab9e6d-df74-439b-b9fd-a1e38b3199e4,Rivalry and Central Planning,Don Lavoie,Rivalry and Central Planning.png
updated,Robots vs. Fairies.png,Robots vs. Fairies.png,https://ghpdpvatfmvsahzsqgpp.supabase.co/storage/v1/object/public/book-covers/Robots%20vs.%20Fairies.png,40d7eadb-88d3-42de-8f54-0d43cd3ea0db,Robots vs. Fairies,Dominik Parisien,Robots vs. Fairies.png
updated,Rogue Protocol.png,Rogue Protocol.png,https://ghpdpvatfmvsahzsqgpp.supabase.co/storage/v1/object/public/book-covers/Rogue%20Protocol.png,7dc1eacd-2e34-4d1d-b090-edc3fee9fdc8,Rogue Protocol,Martha Wells,Rogue Protocol.png
updated,Rome's Last Citizen.png,Rome's Last Citizen.png,https://ghpdpvatfmvsahzsqgpp.supabase.co/storage/v1/object/public/book-covers/Rome%27s%20Last%20Citizen.png,c81c5d43-5fce-46b1-bd68-828f625cc1bb,Rome's Last Citizen,Rob Goodman,Rome's Last Citizen.png
updated,"Roots, Shoots, Buckets & Boots.png","Roots, Shoots, Buckets & Boots.png",https://ghpdpvatfmvsahzsqgpp.supabase.co/storage/v1/object/public/book-covers/Roots%2C%20Shoots%2C%20Buckets%20%26%20Boots.png,2a596f70-e734-4870-87d2-160f4a509172,"Roots, Shoots, Buckets & Boots",Sharon Lovejoy,"Roots, Shoots, Buckets & Boots.png"
updated,Royal Wedding.png,Royal Wedding.png,https://ghpdpvatfmvsahzsqgpp.supabase.co/storage/v1/object/public/book-covers/Royal%20Wedding.png,1557e703-f468-40bc-b00c-e1adb77265cc,Royal Wedding,Meg Cabot,Royal Wedding.png
updated,"Ruby Way, The.png","Ruby Way, The.png",https://ghpdpvatfmvsahzsqgpp.supabase.co/storage/v1/object/public/book-covers/Ruby%20Way%2C%20The.png,58f6b32c-cbd1-4b3b-b199-91be04383e52,"Ruby Way, The",Hal Fulton,"Ruby Way, The.png"
updated,Rubyfruit Jungle.png,Rubyfruit Jungle.png,https://ghpdpvatfmvsahzsqgpp.supabase.co/storage/v1/object/public/book-covers/Rubyfruit%20Jungle.png,eea1bfaf-cc7c-4e8b-8c9f-9d5712e14c39,Rubyfruit Jungle,Rita Mae Brown,Rubyfruit Jungle.png
updated,Rump.png,Rump.png,https://ghpdpvatfmvsahzsqgpp.supabase.co/storage/v1/object/public/book-covers/Rump.png,f7aa1535-bd5e-4fd7-92e6-8a77204d4e2a,Rump,Liesl Shurtliff,Rump.png
updated,SQL Practice Problems.png,SQL Practice Problems.png,https://ghpdpvatfmvsahzsqgpp.supabase.co/storage/v1/object/public/book-covers/SQL%20Practice%20Problems.png,0e4ba95e-4eef-44b0-ba8b-1eab23bf5461,SQL Practice Problems,Sylvia Moestl Vasilik,SQL Practice Problems.png
updated,Sagmeister.png,Sagmeister.png,https://ghpdpvatfmvsahzsqgpp.supabase.co/storage/v1/object/public/book-covers/Sagmeister.png,59d68474-8ad7-4cde-a014-9b40be2da7c6,Sagmeister,Stefan Sagmeister,Sagmeister.png
updated,Sales Truth.png,Sales Truth.png,https://ghpdpvatfmvsahzsqgpp.supabase.co/storage/v1/object/public/book-covers/Sales%20Truth.png,5d98d0ee-6541-485f-84b7-eb9a39af7f51,Sales Truth,Mike Weinberg,Sales Truth.png
updated,Save the Cat! Writes a Novel.png,Save the Cat! Writes a Novel.png,https://ghpdpvatfmvsahzsqgpp.supabase.co/storage/v1/object/public/book-covers/Save%20the%20Cat%21%20Writes%20a%20Novel.png,24ee1be8-e46f-468e-bd5b-69cb504b98fb,Save the Cat! Writes a Novel,Jessica Brody,Save the Cat! Writes a Novel.png
updated,Scaredy Squirrel at the Beach.png,Scaredy Squirrel at the Beach.png,https://ghpdpvatfmvsahzsqgpp.supabase.co/storage/v1/object/public/book-covers/Scaredy%20Squirrel%20at%20the%20Beach.png,aad02914-b45b-45c3-968d-6a518961a283,Scaredy Squirrel at the Beach,Mélanie Watt,Scaredy Squirrel at the Beach.png
updated,"Scholastic reader, Level 1.png","Scholastic reader, Level 1.png",https://ghpdpvatfmvsahzsqgpp.supabase.co/storage/v1/object/public/book-covers/Scholastic%20reader%2C%20Level%201.png,af555d06-c929-4eb1-9948-96904e3ddb15,"Scholastic reader, Level 1",Jean Marzollo,"Scholastic reader, Level 1.png"
updated,Science For Everyone.png,Science For Everyone.png,https://ghpdpvatfmvsahzsqgpp.supabase.co/storage/v1/object/public/book-covers/Science%20For%20Everyone.png,bf71c7a7-34eb-4928-89c5-075b4f13b156,Science For Everyone,S. S. Krotov,Science For Everyone.png
updated,"Scott Kelby's Digital Photography Boxed Set, Parts 1, 2, 3, and 4.png","Scott Kelby's Digital Photography Boxed Set, Parts 1, 2, 3, and 4.png",https://ghpdpvatfmvsahzsqgpp.supabase.co/storage/v1/object/public/book-covers/Scott%20Kelby%27s%20Digital%20Photography%20Boxed%20Set%2C%20Parts%201%2C%202%2C%203%2C%20and%204.png,b21f1731-d130-49ad-92a7-3d8c25b5fee5,"Scott Kelby's Digital Photography Boxed Set, Parts 1, 2, 3, and 4",Scott Kelby,"Scott Kelby's Digital Photography Boxed Set, Parts 1, 2, 3, and 4.png"
updated,Scripts and Strategies in Hypnotherapy.png,Scripts and Strategies in Hypnotherapy.png,https://ghpdpvatfmvsahzsqgpp.supabase.co/storage/v1/object/public/book-covers/Scripts%20and%20Strategies%20in%20Hypnotherapy.png,9a0bb6e2-7a52-46a5-ab0c-d0c495b3e597,Scripts and Strategies in Hypnotherapy,Roger P. Allen,Scripts and Strategies in Hypnotherapy.png
updated,Secret Paris.png,Secret Paris.png,https://ghpdpvatfmvsahzsqgpp.supabase.co/storage/v1/object/public/book-covers/Secret%20Paris.png,c0f48559-8825-4f37-b163-f68966354644,Secret Paris,Zoe de Las Cases,Secret Paris.png
updated,Selected Poems of Dickinson.png,Selected Poems of Dickinson.png,https://ghpdpvatfmvsahzsqgpp.supabase.co/storage/v1/object/public/book-covers/Selected%20Poems%20of%20Dickinson.png,93a2b8f2-9172-4c16-a01f-607eed08059d,Selected Poems of Dickinson,Emily Dickinson,Selected Poems of Dickinson.png
updated,SelfManagement for Actors.png,SelfManagement for Actors.png,https://ghpdpvatfmvsahzsqgpp.supabase.co/storage/v1/object/public/book-covers/SelfManagement%20for%20Actors.png,df3a9ee5-4cb4-49b0-babc-61f4a3a6e036,SelfManagement for Actors,Bonnie Gillespie,SelfManagement for Actors.png
updated,"Selling to the CSuite, Second Edition.png","Selling to the CSuite, Second Edition.png",https://ghpdpvatfmvsahzsqgpp.supabase.co/storage/v1/object/public/book-covers/Selling%20to%20the%20CSuite%2C%20Second%20Edition.png,a464d258-52b3-4781-a39a-f4a10d1bcf3f,"Selling to the CSuite, Second Edition",Nicholas A. C. Read,"Selling to the CSuite, Second Edition.png"
updated,Seraffyn's European Adventure.png,Seraffyn's European Adventure.png,https://ghpdpvatfmvsahzsqgpp.supabase.co/storage/v1/object/public/book-covers/Seraffyn%27s%20European%20Adventure.png,242368cf-2321-4b37-ba16-f320d985b2ca,Seraffyn's European Adventure,Lin Pardey,Seraffyn's European Adventure.png
updated,Seven Days in June.png,Seven Days in June.png,https://ghpdpvatfmvsahzsqgpp.supabase.co/storage/v1/object/public/book-covers/Seven%20Days%20in%20June.png,9cc6a245-cc2d-447f-80ca-46a7d43fc55f,Seven Days in June,Tia Williams,Seven Days in June.png
updated,Sewing For Dummies.png,Sewing For Dummies.png,https://ghpdpvatfmvsahzsqgpp.supabase.co/storage/v1/object/public/book-covers/Sewing%20For%20Dummies.png,0b4a5d3e-ba1e-4265-953f-494528643ef0,Sewing For Dummies,Jan Saunders Maresh,Sewing For Dummies.png
updated,Sex Addiction as Affect Dysregulation.png,Sex Addiction as Affect Dysregulation.png,https://ghpdpvatfmvsahzsqgpp.supabase.co/storage/v1/object/public/book-covers/Sex%20Addiction%20as%20Affect%20Dysregulation.png,b5bbc23c-2117-4f39-bea3-ac5b67e53f15,Sex Addiction as Affect Dysregulation,Alexandra Katehakis,Sex Addiction as Affect Dysregulation.png
updated,Sex is a Funny Word.png,Sex is a Funny Word.png,https://ghpdpvatfmvsahzsqgpp.supabase.co/storage/v1/object/public/book-covers/Sex%20is%20a%20Funny%20Word.png,ddfbe6de-5307-4849-aabc-dddc0b4e5444,Sex is a Funny Word,Cory Silverberg,Sex is a Funny Word.png
updated,Shirtmaking.png,Shirtmaking.png,https://ghpdpvatfmvsahzsqgpp.supabase.co/storage/v1/object/public/book-covers/Shirtmaking.png,8bf37edc-5fc8-422b-a707-6e66b9a8397b,Shirtmaking,David Page Coffin,Shirtmaking.png
updated,Shoot Your Shot.png,Shoot Your Shot.png,https://ghpdpvatfmvsahzsqgpp.supabase.co/storage/v1/object/public/book-covers/Shoot%20Your%20Shot.png,69d12369-a5b5-472e-afa5-ba79a586b35d,Shoot Your Shot,Vernon Brundage Jr.,Shoot Your Shot.png
updated,Simple But Not Easy.png,Simple But Not Easy.png,https://ghpdpvatfmvsahzsqgpp.supabase.co/storage/v1/object/public/book-covers/Simple%20But%20Not%20Easy.png,23605d6f-7336-4fc9-a5ba-fbafa94a1c7e,Simple But Not Easy,Richard Oldfield,Simple But Not Easy.png
updated,Simply Christian.png,Simply Christian.png,https://ghpdpvatfmvsahzsqgpp.supabase.co/storage/v1/object/public/book-covers/Simply%20Christian.png,4882eb97-518f-48e8-903b-8aaddc8a0c97,Simply Christian,N. T. Wright,Simply Christian.png
updated,Skin Like Mine.png,Skin Like Mine.png,https://ghpdpvatfmvsahzsqgpp.supabase.co/storage/v1/object/public/book-covers/Skin%20Like%20Mine.png,c6427422-9e08-44b5-91ac-12527a2ac186,Skin Like Mine,Latashia M. Perry,Skin Like Mine.png
updated,Slammed.png,Slammed.png,https://ghpdpvatfmvsahzsqgpp.supabase.co/storage/v1/object/public/book-covers/Slammed.png,308bd491-e4d8-477f-8d76-c19d3f69a474,Slammed,Colleen Hoover,Slammed.png
updated,Sleeper.png,Sleeper.png,https://ghpdpvatfmvsahzsqgpp.supabase.co/storage/v1/object/public/book-covers/Sleeper.png,cccbc422-1a6a-4146-b3b9-4351709c7e5c,Sleeper,Kayley Loring,Sleeper.png
updated,Sleeper.png,Sleeper.png,https://ghpdpvatfmvsahzsqgpp.supabase.co/storage/v1/object/public/book-covers/Sleeper.png,2f40d260-a88d-4774-958c-c29b70cb3b9d,Sleeper,Lexi Blake,Sleeper.png
updated,Small Beauty.png,Small Beauty.png,https://ghpdpvatfmvsahzsqgpp.supabase.co/storage/v1/object/public/book-covers/Small%20Beauty.png,7d1ed913-1f81-4f96-98d5-fed21cfcbdd8,Small Beauty,Jia Qing WilsonYang,Small Beauty.png
updated,Small Stakes Hold 'em.png,Small Stakes Hold 'em.png,https://ghpdpvatfmvsahzsqgpp.supabase.co/storage/v1/object/public/book-covers/Small%20Stakes%20Hold%20%27em.png,40779126-e2eb-4dc1-80ed-5543393d6f90,Small Stakes Hold 'em,Associate Professor of History Edward Miller,Small Stakes Hold 'em.png
updated,Small Talk.png,Small Talk.png,https://ghpdpvatfmvsahzsqgpp.supabase.co/storage/v1/object/public/book-covers/Small%20Talk.png,14bf40b5-e5b1-41de-814b-3c99aab2b711,Small Talk,Aston Sanderson,Small Talk.png
updated,Small Victories.png,Small Victories.png,https://ghpdpvatfmvsahzsqgpp.supabase.co/storage/v1/object/public/book-covers/Small%20Victories.png,771a0a4a-fc00-4ee9-80f5-b7c228cea3ff,Small Victories,Julia Turshen,Small Victories.png
updated,Small Victories.png,Small Victories.png,https://ghpdpvatfmvsahzsqgpp.supabase.co/storage/v1/object/public/book-covers/Small%20Victories.png,0fe63700-7164-4574-a6ca-22502994323c,Small Victories,Anne Lamott,Small Victories.png
updated,Smart Couples Finish Rich.png,Smart Couples Finish Rich.png,https://ghpdpvatfmvsahzsqgpp.supabase.co/storage/v1/object/public/book-covers/Smart%20Couples%20Finish%20Rich.png,8eef1263-9f99-4bb8-8a87-b2a9ad7ca0cf,Smart Couples Finish Rich,David Bach,Smart Couples Finish Rich.png
updated,Smart Pickleball.png,Smart Pickleball.png,https://ghpdpvatfmvsahzsqgpp.supabase.co/storage/v1/object/public/book-covers/Smart%20Pickleball.png,12d382cc-d317-424d-ae5e-5e6712d84ebe,Smart Pickleball,"Prem Carnot, Wendy Garrido",Smart Pickleball.png
updated,"Snow White with the Red Hair, Vol. 1.png","Snow White with the Red Hair, Vol. 1.png",https://ghpdpvatfmvsahzsqgpp.supabase.co/storage/v1/object/public/book-covers/Snow%20White%20with%20the%20Red%20Hair%2C%20Vol.%201.png,52a623b9-13ce-447f-ba3e-0e946abba6eb,"Snow White with the Red Hair, Vol. 1",Sorata Akiduki,"Snow White with the Red Hair, Vol. 1.png"
updated,Soccer Tough.png,Soccer Tough.png,https://ghpdpvatfmvsahzsqgpp.supabase.co/storage/v1/object/public/book-covers/Soccer%20Tough.png,84b687a6-be03-4355-afb1-521be7bb0e7e,Soccer Tough,Dan Abrahams,Soccer Tough.png
updated,Spark.png,Spark.png,https://ghpdpvatfmvsahzsqgpp.supabase.co/storage/v1/object/public/book-covers/Spark.png,354f4e6b-8f68-4f5e-b7a9-0d7175a4faa8,Spark,Bill Chambers,Spark.png
updated,Spark.png,Spark.png,https://ghpdpvatfmvsahzsqgpp.supabase.co/storage/v1/object/public/book-covers/Spark.png,77650541-4ecb-499c-bde1-58fc4ae15eb8,Spark,Ilya Ganelin,Spark.png
updated,Spark.png,Spark.png,https://ghpdpvatfmvsahzsqgpp.supabase.co/storage/v1/object/public/book-covers/Spark.png,6a3118c2-cb79-4817-8f03-67876050d39f,Spark,Helen Hardt,Spark.png
updated,Spark.png,Spark.png,https://ghpdpvatfmvsahzsqgpp.supabase.co/storage/v1/object/public/book-covers/Spark.png,790e9efd-9b13-4da6-bde4-81c17ac8024a,Spark,Brigid Kemmerer,Spark.png
updated,Spark.png,Spark.png,https://ghpdpvatfmvsahzsqgpp.supabase.co/storage/v1/object/public/book-covers/Spark.png,cc3dd7d2-105e-4910-ba88-bc7c25163ef1,Spark,Adam Wallace,Spark.png
updated,Spark.png,Spark.png,https://ghpdpvatfmvsahzsqgpp.supabase.co/storage/v1/object/public/book-covers/Spark.png,cd9d4bb2-76a0-4aac-96e1-f8117fdb4660,Spark,Aleatha Romig,Spark.png
updated,Spark.png,Spark.png,https://ghpdpvatfmvsahzsqgpp.supabase.co/storage/v1/object/public/book-covers/Spark.png,9135de43-f30b-4c7c-8b4a-cff8976caa20,Spark,John J. Ratey,Spark.png
updated,Speak.png,Speak.png,https://ghpdpvatfmvsahzsqgpp.supabase.co/storage/v1/object/public/book-covers/Speak.png,3bfdc463-cd74-4cb3-bf06-f50c182b8a50,Speak,Laurie Halse Anderson,Speak.png
updated,Speedliter's Handbook.png,Speedliter's Handbook.png,https://ghpdpvatfmvsahzsqgpp.supabase.co/storage/v1/object/public/book-covers/Speedliter%27s%20Handbook.png,bcde10f4-7bbf-41cf-9b25-34eadc8ff6e7,Speedliter's Handbook,Syl Arena,Speedliter's Handbook.png
updated,"Spend Well, Live Rich.png","Spend Well, Live Rich.png",https://ghpdpvatfmvsahzsqgpp.supabase.co/storage/v1/object/public/book-covers/Spend%20Well%2C%20Live%20Rich.png,15163a78-3bdf-473a-8c2b-c8af03dd14a7,"Spend Well, Live Rich",Michelle Singletary,"Spend Well, Live Rich.png"
updated,Sports Illustrated Basketball's Greatest.png,Sports Illustrated Basketball's Greatest.png,https://ghpdpvatfmvsahzsqgpp.supabase.co/storage/v1/object/public/book-covers/Sports%20Illustrated%20Basketball%27s%20Greatest.png,e8c5ef3c-684f-4e4f-8e22-1eb7ef03c02d,Sports Illustrated Basketball's Greatest,The Editors of Sports Illustrated,Sports Illustrated Basketball's Greatest.png
updated,Stamped from the Beginning.png,Stamped from the Beginning.png,https://ghpdpvatfmvsahzsqgpp.supabase.co/storage/v1/object/public/book-covers/Stamped%20from%20the%20Beginning.png,3d33978b-9094-492e-ae8d-15a74953fc88,Stamped from the Beginning,Ibram X. Kendi,Stamped from the Beginning.png
updated,Stanley Will Probably Be Fine.png,Stanley Will Probably Be Fine.png,https://ghpdpvatfmvsahzsqgpp.supabase.co/storage/v1/object/public/book-covers/Stanley%20Will%20Probably%20Be%20Fine.png,d274b505-49c0-4a8a-8c4b-103f3241d140,Stanley Will Probably Be Fine,Sally J. Pla,Stanley Will Probably Be Fine.png
updated,Starving the Anxiety Gremlin.png,Starving the Anxiety Gremlin.png,https://ghpdpvatfmvsahzsqgpp.supabase.co/storage/v1/object/public/book-covers/Starving%20the%20Anxiety%20Gremlin.png,bc89c8ea-dac6-434b-a45f-da2c7faf845d,Starving the Anxiety Gremlin,Kate CollinsDonnelly,Starving the Anxiety Gremlin.png
updated,Statistics Crash Course for Beginners.png,Statistics Crash Course for Beginners.png,https://ghpdpvatfmvsahzsqgpp.supabase.co/storage/v1/object/public/book-covers/Statistics%20Crash%20Course%20for%20Beginners.png,cb776c90-582c-45dc-a17f-2bbbb53035ba,Statistics Crash Course for Beginners,AI Publishing,Statistics Crash Course for Beginners.png
updated,Stellaluna.png,Stellaluna.png,https://ghpdpvatfmvsahzsqgpp.supabase.co/storage/v1/object/public/book-covers/Stellaluna.png,216e43e4-8b88-4e24-992b-f5f0df00f259,Stellaluna,Janell Cannon,Stellaluna.png
updated,Stieg Larsson's Millennium Trilogy Deluxe Box Set.png,Stieg Larsson's Millennium Trilogy Deluxe Box Set.png,https://ghpdpvatfmvsahzsqgpp.supabase.co/storage/v1/object/public/book-covers/Stieg%20Larsson%27s%20Millennium%20Trilogy%20Deluxe%20Box%20Set.png,5c9a822f-5f31-4524-872e-ac8d6dc21868,Stieg Larsson's Millennium Trilogy Deluxe Box Set,Stieg Larsson,Stieg Larsson's Millennium Trilogy Deluxe Box Set.png
updated,Strategies for Beating Small Stakes Poker Tournaments.png,Strategies for Beating Small Stakes Poker Tournaments.png,https://ghpdpvatfmvsahzsqgpp.supabase.co/storage/v1/object/public/book-covers/Strategies%20for%20Beating%20Small%20Stakes%20Poker%20Tournaments.png,4e916419-4cf5-4325-b678-380b35193718,Strategies for Beating Small Stakes Poker Tournaments,Jonathan Little,Strategies for Beating Small Stakes Poker Tournaments.png
updated,Strength in Stillness.png,Strength in Stillness.png,https://ghpdpvatfmvsahzsqgpp.supabase.co/storage/v1/object/public/book-covers/Strength%20in%20Stillness.png,dc01479d-6bf7-4184-ad53-87c611294f4a,Strength in Stillness,Bob Roth,Strength in Stillness.png
updated,Structure and Interpretation of Computer Programs.png,Structure and Interpretation of Computer Programs.png,https://ghpdpvatfmvsahzsqgpp.supabase.co/storage/v1/object/public/book-covers/Structure%20and%20Interpretation%20of%20Computer%20Programs.png,d0fe51c3-84e5-4a27-91fc-4561917892e9,Structure and Interpretation of Computer Programs,Harold Abelson,Structure and Interpretation of Computer Programs.png
updated,Strumpet City.png,Strumpet City.png,https://ghpdpvatfmvsahzsqgpp.supabase.co/storage/v1/object/public/book-covers/Strumpet%20City.png,48991287-2b1e-451d-9f35-c7b595c43828,Strumpet City,James Plunkett,Strumpet City.png
updated,Stumbling on Happiness.png,Stumbling on Happiness.png,https://ghpdpvatfmvsahzsqgpp.supabase.co/storage/v1/object/public/book-covers/Stumbling%20on%20Happiness.png,a7fbd33a-1b6e-4bf7-b58e-1158cb1770d0,Stumbling on Happiness,Daniel Gilbert,Stumbling on Happiness.png
updated,Stumbling on Happiness.png,Stumbling on Happiness.png,https://ghpdpvatfmvsahzsqgpp.supabase.co/storage/v1/object/public/book-covers/Stumbling%20on%20Happiness.png,8541fb33-d3b1-422c-90e5-8a9b4cacc3d0,Stumbling on Happiness,Daniel Todd Gilbert,Stumbling on Happiness.png
updated,Summer of '49.png,Summer of '49.png,https://ghpdpvatfmvsahzsqgpp.supabase.co/storage/v1/object/public/book-covers/Summer%20of%20%2749.png,1cba5dc1-7ecf-4a06-9da9-dd2c43a87252,Summer of '49,David Halberstam,Summer of '49.png
updated,Superforecasting.png,Superforecasting.png,https://ghpdpvatfmvsahzsqgpp.supabase.co/storage/v1/object/public/book-covers/Superforecasting.png,299d22d8-6acb-4853-92f9-95f81a60079e,Superforecasting,Philip E. Tetlock & Dan Gardner,Superforecasting.png
updated,Superforecasting.png,Superforecasting.png,https://ghpdpvatfmvsahzsqgpp.supabase.co/storage/v1/object/public/book-covers/Superforecasting.png,a74b8b30-7162-414f-9ee9-866734a33c86,Superforecasting,Philip E. Tetlock,Superforecasting.png
updated,Supply Chain Network Design.png,Supply Chain Network Design.png,https://ghpdpvatfmvsahzsqgpp.supabase.co/storage/v1/object/public/book-covers/Supply%20Chain%20Network%20Design.png,fd5b6e05-8403-4f69-9fb7-014a7c773113,Supply Chain Network Design,Michael Watson,Supply Chain Network Design.png
updated,Swann's Way.png,Swann's Way.png,https://ghpdpvatfmvsahzsqgpp.supabase.co/storage/v1/object/public/book-covers/Swann%27s%20Way.png,b81dae4f-8561-4d71-8d10-8410120994f6,Swann's Way,Marcel Proust,Swann's Way.png
updated,Swift 5 Cheat Sheet.png,Swift 5 Cheat Sheet.png,https://ghpdpvatfmvsahzsqgpp.supabase.co/storage/v1/object/public/book-covers/Swift%205%20Cheat%20Sheet.png,1d88adbf-fb70-4fb6-88bc-a1d8259ff079,Swift 5 Cheat Sheet,Amit Chaudhary,Swift 5 Cheat Sheet.png
updated,T Is for Transformation.png,T Is for Transformation.png,https://ghpdpvatfmvsahzsqgpp.supabase.co/storage/v1/object/public/book-covers/T%20Is%20for%20Transformation.png,fb99137e-de0c-4728-a08f-544e15fe1c23,T Is for Transformation,Shaun T.,T Is for Transformation.png
updated,THE JESHUA CHANNELINGS.png,THE JESHUA CHANNELINGS.png,https://ghpdpvatfmvsahzsqgpp.supabase.co/storage/v1/object/public/book-covers/THE%20JESHUA%20CHANNELINGS.png,39cafdbe-ccd6-4ee8-b618-76bfa95154fb,THE JESHUA CHANNELINGS,Pamela Kribbe,THE JESHUA CHANNELINGS.png
updated,Talent Without Borders.png,Talent Without Borders.png,https://ghpdpvatfmvsahzsqgpp.supabase.co/storage/v1/object/public/book-covers/Talent%20Without%20Borders.png,1a10c71f-4112-40d3-92eb-154f5a9cfa3f,Talent Without Borders,Robert E. Ployhart,Talent Without Borders.png
updated,Tales of Sasha 3 Books in 1!.png,Tales of Sasha 3 Books in 1!.png,https://ghpdpvatfmvsahzsqgpp.supabase.co/storage/v1/object/public/book-covers/Tales%20of%20Sasha%203%20Books%20in%201%21.png,78ba5d61-f423-418a-b9c2-a7cbdfb824fe,Tales of Sasha 3 Books in 1!,Alexa Pearl,Tales of Sasha 3 Books in 1!.png
updated,Tantra.png,Tantra.png,https://ghpdpvatfmvsahzsqgpp.supabase.co/storage/v1/object/public/book-covers/Tantra.png,ecf13dad-22dd-41bd-ac88-3d6c2ff27f1c,Tantra,Georg Feuerstein,Tantra.png
updated,Tantra.png,Tantra.png,https://ghpdpvatfmvsahzsqgpp.supabase.co/storage/v1/object/public/book-covers/Tantra.png,92f48c9f-2b3d-4f96-8f1b-31a278da009b,Tantra,Charles Muir,Tantra.png
updated,Tantra.png,Tantra.png,https://ghpdpvatfmvsahzsqgpp.supabase.co/storage/v1/object/public/book-covers/Tantra.png,5556090c-de82-4816-a4d2-b855f236f4cb,Tantra,Osho,Tantra.png
updated,Tarot Plain and Simple.png,Tarot Plain and Simple.png,https://ghpdpvatfmvsahzsqgpp.supabase.co/storage/v1/object/public/book-covers/Tarot%20Plain%20and%20Simple.png,496e080a-0592-415b-a326-bd8285c77429,Tarot Plain and Simple,Anthony Louis,Tarot Plain and Simple.png
updated,Tartine Bread.png,Tartine Bread.png,https://ghpdpvatfmvsahzsqgpp.supabase.co/storage/v1/object/public/book-covers/Tartine%20Bread.png,a42b247a-7eda-4a86-919e-891b57ad8db4,Tartine Bread,Chad Robertson,Tartine Bread.png
updated,Tattered Loyalties.png,Tattered Loyalties.png,https://ghpdpvatfmvsahzsqgpp.supabase.co/storage/v1/object/public/book-covers/Tattered%20Loyalties.png,9bd9f164-ed8e-4e87-b982-b795a2a3dd99,Tattered Loyalties,Carrie Ann Ryan,Tattered Loyalties.png
updated,Teach Your Herding Breed to Be a Great Companion Dog.png,Teach Your Herding Breed to Be a Great Companion Dog.png,https://ghpdpvatfmvsahzsqgpp.supabase.co/storage/v1/object/public/book-covers/Teach%20Your%20Herding%20Breed%20to%20Be%20a%20Great%20Companion%20Dog.png,7fa9e7f8-9f90-492b-a510-d3189df72972,Teach Your Herding Breed to Be a Great Companion Dog,Dawn AntoniakMitchell,Teach Your Herding Breed to Be a Great Companion Dog.png
updated,Teach Yourself to Meditate.png,Teach Yourself to Meditate.png,https://ghpdpvatfmvsahzsqgpp.supabase.co/storage/v1/object/public/book-covers/Teach%20Yourself%20to%20Meditate.png,01858517-1502-455f-ab87-3977901b2bbc,Teach Yourself to Meditate,Eric Harrison,Teach Yourself to Meditate.png
updated,Teach Yourself to Play Guitar.png,Teach Yourself to Play Guitar.png,https://ghpdpvatfmvsahzsqgpp.supabase.co/storage/v1/object/public/book-covers/Teach%20Yourself%20to%20Play%20Guitar.png,6a8e8a28-1861-4dc5-8e57-96e76c1ff38e,Teach Yourself to Play Guitar,David M. Brewster,Teach Yourself to Play Guitar.png
updated,"Technical Analysis Explained, Fifth Edition.png","Technical Analysis Explained, Fifth Edition.png",https://ghpdpvatfmvsahzsqgpp.supabase.co/storage/v1/object/public/book-covers/Technical%20Analysis%20Explained%2C%20Fifth%20Edition.png,d3a47f59-9ce5-4d8d-9492-9137d88c8797,"Technical Analysis Explained, Fifth Edition",Martin J. Pring,"Technical Analysis Explained, Fifth Edition.png"
updated,Technological Slavery.png,Technological Slavery.png,https://ghpdpvatfmvsahzsqgpp.supabase.co/storage/v1/object/public/book-covers/Technological%20Slavery.png,1f8a9138-9a9c-48fd-8b22-47de98825e4a,Technological Slavery,Theodore Kaczynski,Technological Slavery.png
updated,Tell Morning This.png,Tell Morning This.png,https://ghpdpvatfmvsahzsqgpp.supabase.co/storage/v1/object/public/book-covers/Tell%20Morning%20This.png,9bcbaccc-5dbe-4f7d-9e4b-8545d0dbd88b,Tell Morning This,Kylie Tennant,Tell Morning This.png
updated,Tempting the Devil.png,Tempting the Devil.png,https://ghpdpvatfmvsahzsqgpp.supabase.co/storage/v1/object/public/book-covers/Tempting%20the%20Devil.png,ddcf3752-8e8d-4e20-8b64-1e6110c989f6,Tempting the Devil,Patricia Potter,Tempting the Devil.png
updated,Ten Little Fingers and Ten Little Toes.png,Ten Little Fingers and Ten Little Toes.png,https://ghpdpvatfmvsahzsqgpp.supabase.co/storage/v1/object/public/book-covers/Ten%20Little%20Fingers%20and%20Ten%20Little%20Toes.png,32dc8d25-5bea-48aa-8b67-3aed5290cea9,Ten Little Fingers and Ten Little Toes,Mem Fox,Ten Little Fingers and Ten Little Toes.png
updated,Thank You for Smoking.png,Thank You for Smoking.png,https://ghpdpvatfmvsahzsqgpp.supabase.co/storage/v1/object/public/book-covers/Thank%20You%20for%20Smoking.png,88b2bec3-1dae-4605-93d8-fe77890bdf68,Thank You for Smoking,Christopher Buckley,Thank You for Smoking.png
updated,The 100 Best Astrophotography Targets.png,The 100 Best Astrophotography Targets.png,https://ghpdpvatfmvsahzsqgpp.supabase.co/storage/v1/object/public/book-covers/The%20100%20Best%20Astrophotography%20Targets.png,8506c36a-b6b5-4a8a-89ee-264368033924,The 100 Best Astrophotography Targets,Ruben Kier,The 100 Best Astrophotography Targets.png
updated,The 5 Second Rule.png,The 5 Second Rule.png,https://ghpdpvatfmvsahzsqgpp.supabase.co/storage/v1/object/public/book-covers/The%205%20Second%20Rule.png,4838953b-737c-4b67-804e-e7d63cab9397,The 5 Second Rule,Mel Robbins,The 5 Second Rule.png
updated,The 90Day Novel.png,The 90Day Novel.png,https://ghpdpvatfmvsahzsqgpp.supabase.co/storage/v1/object/public/book-covers/The%2090Day%20Novel.png,91db9723-a036-4c68-b293-de0e2a364bd7,The 90Day Novel,Alan Watt,The 90Day Novel.png
updated,The Algebraist.png,The Algebraist.png,https://ghpdpvatfmvsahzsqgpp.supabase.co/storage/v1/object/public/book-covers/The%20Algebraist.png,4acc0860-b414-4bdf-bb4c-d88622a38d43,The Algebraist,Iain M. Banks,The Algebraist.png
updated,The Anger Management Workbook for Women.png,The Anger Management Workbook for Women.png,https://ghpdpvatfmvsahzsqgpp.supabase.co/storage/v1/object/public/book-covers/The%20Anger%20Management%20Workbook%20for%20Women.png,776cee7d-89a8-4963-8cb3-40bcba241fac,The Anger Management Workbook for Women,Julie Catalano Msw Licsw,The Anger Management Workbook for Women.png
updated,The Answer Within.png,The Answer Within.png,https://ghpdpvatfmvsahzsqgpp.supabase.co/storage/v1/object/public/book-covers/The%20Answer%20Within.png,472d2554-ea49-4861-9ad4-2786b3e5e24a,The Answer Within,Stephen R. Lankton,The Answer Within.png
updated,The Art of the Start 2.0.png,The Art of the Start 2.0.png,https://ghpdpvatfmvsahzsqgpp.supabase.co/storage/v1/object/public/book-covers/The%20Art%20of%20the%20Start%202.0.png,f4eb9f3a-7a3d-470f-9cb1-9128f755cb57,The Art of the Start 2.0,Guy Kawasaki,The Art of the Start 2.0.png
updated,The Artist's Guide.png,The Artist's Guide.png,https://ghpdpvatfmvsahzsqgpp.supabase.co/storage/v1/object/public/book-covers/The%20Artist%27s%20Guide.png,9bd37225-ad76-4b47-99ff-db62b7c90328,The Artist's Guide,Jackie Battenfield,The Artist's Guide.png
updated,The Audubon Society Field Guide to North American Mushrooms.png,The Audubon Society Field Guide to North American Mushrooms.png,https://ghpdpvatfmvsahzsqgpp.supabase.co/storage/v1/object/public/book-covers/The%20Audubon%20Society%20Field%20Guide%20to%20North%20American%20Mushrooms.png,d46ba67b-ac33-4040-b841-6a5c2e414325,The Audubon Society Field Guide to North American Mushrooms,National Audubon Society,The Audubon Society Field Guide to North American Mushrooms.png
updated,The Awakened Introvert.png,The Awakened Introvert.png,https://ghpdpvatfmvsahzsqgpp.supabase.co/storage/v1/object/public/book-covers/The%20Awakened%20Introvert.png,954488e8-cc23-447d-b4d0-8b3c8807a8a8,The Awakened Introvert,Arnie Kozak,The Awakened Introvert.png
updated,The Backyard Homestead.png,The Backyard Homestead.png,https://ghpdpvatfmvsahzsqgpp.supabase.co/storage/v1/object/public/book-covers/The%20Backyard%20Homestead.png,8a4af0dc-37dd-44fa-a339-82a823a486c6,The Backyard Homestead,Carleen Madigan,The Backyard Homestead.png
updated,The Beginner's Guide to Android Game Development.png,The Beginner's Guide to Android Game Development.png,https://ghpdpvatfmvsahzsqgpp.supabase.co/storage/v1/object/public/book-covers/The%20Beginner%27s%20Guide%20to%20Android%20Game%20Development.png,b0fd57bf-125a-426f-90aa-ea8cd1f2c38d,The Beginner's Guide to Android Game Development,James S. Cho,The Beginner's Guide to Android Game Development.png
updated,The Berenstain Bears' Dinosaur Dig.png,The Berenstain Bears' Dinosaur Dig.png,https://ghpdpvatfmvsahzsqgpp.supabase.co/storage/v1/object/public/book-covers/The%20Berenstain%20Bears%27%20Dinosaur%20Dig.png,30ad1a29-78df-4c77-b127-119bd040adaf,The Berenstain Bears' Dinosaur Dig,"Jan Berenstain, Mike Berenstain",The Berenstain Bears' Dinosaur Dig.png
updated,"The Best Damn Website & eCommerce Marketing Optimization Guide, Period! (The Best Damn Books).png","The Best Damn Website & eCommerce Marketing Optimization Guide, Period! (The Best Damn Books).png",https://ghpdpvatfmvsahzsqgpp.supabase.co/storage/v1/object/public/book-covers/The%20Best%20Damn%20Website%20%26%20eCommerce%20Marketing%20Optimization%20Guide%2C%20Period%21%20%28The%20Best%20Damn%20Books%29.png,582ddd4e-6c43-4298-9d9b-6ce6f235b94a,"The Best Damn Website & eCommerce Marketing Optimization Guide, Period! (The Best Damn Books)",Stoney deGeyter,"The Best Damn Website & eCommerce Marketing Optimization Guide, Period! (The Best Damn Books).png"
updated,The Best Grammar Workbook Ever.png,The Best Grammar Workbook Ever.png,https://ghpdpvatfmvsahzsqgpp.supabase.co/storage/v1/object/public/book-covers/The%20Best%20Grammar%20Workbook%20Ever.png,f89323a0-256e-481f-9d29-9c5ff2989447,The Best Grammar Workbook Ever,Arlene Miller,The Best Grammar Workbook Ever.png
updated,The Best Yes.png,The Best Yes.png,https://ghpdpvatfmvsahzsqgpp.supabase.co/storage/v1/object/public/book-covers/The%20Best%20Yes.png,35aa71b2-2728-4bdb-8db6-7e4ee1adcb4a,The Best Yes,Lysa Terkeurst,The Best Yes.png
updated,The Big Book of Endurance Training and Racing.png,The Big Book of Endurance Training and Racing.png,https://ghpdpvatfmvsahzsqgpp.supabase.co/storage/v1/object/public/book-covers/The%20Big%20Book%20of%20Endurance%20Training%20and%20Racing.png,ce4e1c54-cb82-4925-97fc-707c85eb5736,The Big Book of Endurance Training and Racing,Philip Maffetone,The Big Book of Endurance Training and Racing.png
updated,The Big Fat Activity Book for Pregnant People.png,The Big Fat Activity Book for Pregnant People.png,https://ghpdpvatfmvsahzsqgpp.supabase.co/storage/v1/object/public/book-covers/The%20Big%20Fat%20Activity%20Book%20for%20Pregnant%20People.png,fd02a454-d78f-4cae-855c-a8194f6f776f,The Big Fat Activity Book for Pregnant People,Jordan Reid,The Big Fat Activity Book for Pregnant People.png
updated,The Birth of Coffee.png,The Birth of Coffee.png,https://ghpdpvatfmvsahzsqgpp.supabase.co/storage/v1/object/public/book-covers/The%20Birth%20of%20Coffee.png,87934977-dd0d-49d4-baf5-4f1bce1143e5,The Birth of Coffee,"Daniel Lorenzetti, Linda Rice Lorenzetti",The Birth of Coffee.png
updated,The Brain That Changes Itself.png,The Brain That Changes Itself.png,https://ghpdpvatfmvsahzsqgpp.supabase.co/storage/v1/object/public/book-covers/The%20Brain%20That%20Changes%20Itself.png,635969ee-10e4-4c9b-8f7c-3cad7f2f0fbe,The Brain That Changes Itself,Norman Doidge,The Brain That Changes Itself.png
updated,The Burnout Cure.png,The Burnout Cure.png,https://ghpdpvatfmvsahzsqgpp.supabase.co/storage/v1/object/public/book-covers/The%20Burnout%20Cure.png,1dac0896-9dfb-4b00-bc15-3bcaa89875b5,The Burnout Cure,Chase Mielke,The Burnout Cure.png
updated,"The Bushcraft Field Guide to Trapping, Gathering, and Cooking in the Wild.png","The Bushcraft Field Guide to Trapping, Gathering, and Cooking in the Wild.png",https://ghpdpvatfmvsahzsqgpp.supabase.co/storage/v1/object/public/book-covers/The%20Bushcraft%20Field%20Guide%20to%20Trapping%2C%20Gathering%2C%20and%20Cooking%20in%20the%20Wild.png,7d136d68-460a-4ddb-bdf1-12235e0e13b8,"The Bushcraft Field Guide to Trapping, Gathering, and Cooking in the Wild",Dave Canterbury,"The Bushcraft Field Guide to Trapping, Gathering, and Cooking in the Wild.png"
updated,The Buying Brain.png,The Buying Brain.png,https://ghpdpvatfmvsahzsqgpp.supabase.co/storage/v1/object/public/book-covers/The%20Buying%20Brain.png,1d40801c-a237-49c8-88eb-47c536e48f98,The Buying Brain,A. K. Pradeep,The Buying Brain.png
updated,The Calligrapher's Daughter.png,The Calligrapher's Daughter.png,https://ghpdpvatfmvsahzsqgpp.supabase.co/storage/v1/object/public/book-covers/The%20Calligrapher%27s%20Daughter.png,4a8cf6c0-284a-4537-a342-3dd04287330c,The Calligrapher's Daughter,Eugenia Kim,The Calligrapher's Daughter.png
updated,The Campaigns of Alexander.png,The Campaigns of Alexander.png,https://ghpdpvatfmvsahzsqgpp.supabase.co/storage/v1/object/public/book-covers/The%20Campaigns%20of%20Alexander.png,68850b0b-60a5-48ac-8826-6acd83a92d22,The Campaigns of Alexander,Arrian,The Campaigns of Alexander.png
updated,The Cartoon Guide to Chemistry.png,The Cartoon Guide to Chemistry.png,https://ghpdpvatfmvsahzsqgpp.supabase.co/storage/v1/object/public/book-covers/The%20Cartoon%20Guide%20to%20Chemistry.png,76a30b79-d621-40ab-b48b-2b5b339c0cd6,The Cartoon Guide to Chemistry,Larry Gonick,The Cartoon Guide to Chemistry.png
updated,The CauchySchwarz Master Class.png,The CauchySchwarz Master Class.png,https://ghpdpvatfmvsahzsqgpp.supabase.co/storage/v1/object/public/book-covers/The%20CauchySchwarz%20Master%20Class.png,3df913a6-c055-4960-af2c-ba4c25fd1911,The CauchySchwarz Master Class,J. Michael Steele,The CauchySchwarz Master Class.png
updated,The Center Cannot Hold.png,The Center Cannot Hold.png,https://ghpdpvatfmvsahzsqgpp.supabase.co/storage/v1/object/public/book-covers/The%20Center%20Cannot%20Hold.png,951642d3-f5ef-43d5-9382-670baf794182,The Center Cannot Hold,Flyn R. Saks,The Center Cannot Hold.png
updated,The Center Cannot Hold.png,The Center Cannot Hold.png,https://ghpdpvatfmvsahzsqgpp.supabase.co/storage/v1/object/public/book-covers/The%20Center%20Cannot%20Hold.png,44097028-db81-41a2-8d66-6278ccb45b5b,The Center Cannot Hold,Harry Turtledove,The Center Cannot Hold.png
updated,The Center Cannot Hold.png,The Center Cannot Hold.png,https://ghpdpvatfmvsahzsqgpp.supabase.co/storage/v1/object/public/book-covers/The%20Center%20Cannot%20Hold.png,63b727dd-6612-4712-beee-932b2bb62955,The Center Cannot Hold,Aaron Stander,The Center Cannot Hold.png
updated,The Center Cannot Hold.png,The Center Cannot Hold.png,https://ghpdpvatfmvsahzsqgpp.supabase.co/storage/v1/object/public/book-covers/The%20Center%20Cannot%20Hold.png,d412ff4f-a18a-4fce-a654-e7dd3a2bfa69,The Center Cannot Hold,Elyn R. Saks,The Center Cannot Hold.png
updated,The Charm Offensive.png,The Charm Offensive.png,https://ghpdpvatfmvsahzsqgpp.supabase.co/storage/v1/object/public/book-covers/The%20Charm%20Offensive.png,ef0ed139-f80d-4d67-a5bd-efe19b41e789,The Charm Offensive,Alison Cochrun,The Charm Offensive.png
updated,The Chicago Cubs.png,The Chicago Cubs.png,https://ghpdpvatfmvsahzsqgpp.supabase.co/storage/v1/object/public/book-covers/The%20Chicago%20Cubs.png,4ec1273d-201d-4851-a80b-fd650a8cb515,The Chicago Cubs,Rich Cohen,The Chicago Cubs.png
updated,The Chrysalids.png,The Chrysalids.png,https://ghpdpvatfmvsahzsqgpp.supabase.co/storage/v1/object/public/book-covers/The%20Chrysalids.png,d9e3b519-c892-4376-ad4a-f92d2f39c043,The Chrysalids,John Wyndham,The Chrysalids.png
updated,The Coldest Winter.png,The Coldest Winter.png,https://ghpdpvatfmvsahzsqgpp.supabase.co/storage/v1/object/public/book-covers/The%20Coldest%20Winter.png,483b0689-d30f-4515-94d7-2faba7310ffa,The Coldest Winter,David Halberstam,The Coldest Winter.png
updated,The Color of Magic.png,The Color of Magic.png,https://ghpdpvatfmvsahzsqgpp.supabase.co/storage/v1/object/public/book-covers/The%20Color%20of%20Magic.png,b4dbb931-1d99-4814-acb7-5f9e951d4e95,The Color of Magic,Terry Pratchett,The Color of Magic.png
updated,The Combination of Stellar Influences.png,The Combination of Stellar Influences.png,https://ghpdpvatfmvsahzsqgpp.supabase.co/storage/v1/object/public/book-covers/The%20Combination%20of%20Stellar%20Influences.png,fe65f8fa-91be-4562-b1c7-6c2e21c81860,The Combination of Stellar Influences,Reinhold Ebertin,The Combination of Stellar Influences.png
updated,The Complete Beginners Guide to Knitting.png,The Complete Beginners Guide to Knitting.png,https://ghpdpvatfmvsahzsqgpp.supabase.co/storage/v1/object/public/book-covers/The%20Complete%20Beginners%20Guide%20to%20Knitting.png,c3e2d941-711d-4fe5-85db-104081ffc625,The Complete Beginners Guide to Knitting,Sian Brown,The Complete Beginners Guide to Knitting.png
updated,The Complete Book of Numerology.png,The Complete Book of Numerology.png,https://ghpdpvatfmvsahzsqgpp.supabase.co/storage/v1/object/public/book-covers/The%20Complete%20Book%20of%20Numerology.png,7e21cfa9-dda2-4240-85fe-f786db9c9775,The Complete Book of Numerology,David A. Phillips,The Complete Book of Numerology.png
updated,The Complete Book of Numerology.png,The Complete Book of Numerology.png,https://ghpdpvatfmvsahzsqgpp.supabase.co/storage/v1/object/public/book-covers/The%20Complete%20Book%20of%20Numerology.png,c17f30ba-45b0-4c6e-a6f6-c0c018b89b0b,The Complete Book of Numerology,David Phillips,The Complete Book of Numerology.png
updated,The Complete Guide to Real Estate Finance for Investment Properties.png,The Complete Guide to Real Estate Finance for Investment Properties.png,https://ghpdpvatfmvsahzsqgpp.supabase.co/storage/v1/object/public/book-covers/The%20Complete%20Guide%20to%20Real%20Estate%20Finance%20for%20Investment%20Properties.png,a0a66936-86c2-4f00-87ca-44098dcfbbe3,The Complete Guide to Real Estate Finance for Investment Properties,Steve Berges,The Complete Guide to Real Estate Finance for Investment Properties.png
updated,The Complete Photo Guide to Perfect Fitting.png,The Complete Photo Guide to Perfect Fitting.png,https://ghpdpvatfmvsahzsqgpp.supabase.co/storage/v1/object/public/book-covers/The%20Complete%20Photo%20Guide%20to%20Perfect%20Fitting.png,3ed3dd62-9c92-4c56-832b-0d3faf3024d6,The Complete Photo Guide to Perfect Fitting,Sarah Veblen,The Complete Photo Guide to Perfect Fitting.png
updated,The Complete Poems of Kenneth Rexroth.png,The Complete Poems of Kenneth Rexroth.png,https://ghpdpvatfmvsahzsqgpp.supabase.co/storage/v1/object/public/book-covers/The%20Complete%20Poems%20of%20Kenneth%20Rexroth.png,1e01cee2-2092-4eca-9759-0c25f2c87f1f,The Complete Poems of Kenneth Rexroth,Kenneth Rexroth,The Complete Poems of Kenneth Rexroth.png
updated,The Concrete Wave.png,The Concrete Wave.png,https://ghpdpvatfmvsahzsqgpp.supabase.co/storage/v1/object/public/book-covers/The%20Concrete%20Wave.png,b9247eb8-4f90-4733-a7d7-3d1c99a09bb7,The Concrete Wave,Michael Brooke,The Concrete Wave.png
updated,The Conscious Exploration of Dreaming.png,The Conscious Exploration of Dreaming.png,https://ghpdpvatfmvsahzsqgpp.supabase.co/storage/v1/object/public/book-covers/The%20Conscious%20Exploration%20of%20Dreaming.png,d4353ed0-9fa0-4dc2-9d57-70bdfa550681,The Conscious Exploration of Dreaming,Janice E. Brooks,The Conscious Exploration of Dreaming.png
updated,The Cook You Want to Be.png,The Cook You Want to Be.png,https://ghpdpvatfmvsahzsqgpp.supabase.co/storage/v1/object/public/book-covers/The%20Cook%20You%20Want%20to%20Be.png,91f3c6e5-cf03-41be-8202-706493d75550,The Cook You Want to Be,Andy Baraghani,The Cook You Want to Be.png
updated,The Cup of Coffee Club.png,The Cup of Coffee Club.png,https://ghpdpvatfmvsahzsqgpp.supabase.co/storage/v1/object/public/book-covers/The%20Cup%20of%20Coffee%20Club.png,45235c4b-2a6f-44b4-bc8c-2c1f088e56b9,The Cup of Coffee Club,Jacob Kornhauser,The Cup of Coffee Club.png
updated,The Curious Barista's Guide to Coffee.png,The Curious Barista's Guide to Coffee.png,https://ghpdpvatfmvsahzsqgpp.supabase.co/storage/v1/object/public/book-covers/The%20Curious%20Barista%27s%20Guide%20to%20Coffee.png,71cd099a-76de-4a85-bb20-d3e753c732f8,The Curious Barista's Guide to Coffee,Tristan Stephenson,The Curious Barista's Guide to Coffee.png
updated,"The DIRTY, LAZY, KETO No Time to Cook Cookbook.png","The DIRTY, LAZY, KETO No Time to Cook Cookbook.png",https://ghpdpvatfmvsahzsqgpp.supabase.co/storage/v1/object/public/book-covers/The%20DIRTY%2C%20LAZY%2C%20KETO%20No%20Time%20to%20Cook%20Cookbook.png,48b7e1f3-c09f-49e0-8bdf-327d7fee92c1,"The DIRTY, LAZY, KETO No Time to Cook Cookbook","Stephanie Laska, William Laska","The DIRTY, LAZY, KETO No Time to Cook Cookbook.png"
updated,The Dark Forest.png,The Dark Forest.png,https://ghpdpvatfmvsahzsqgpp.supabase.co/storage/v1/object/public/book-covers/The%20Dark%20Forest.png,37a9e84d-4878-41d9-b00e-8b6493074d84,The Dark Forest,Cixin Liu,The Dark Forest.png
updated,The Day the Crayons Quit.png,The Day the Crayons Quit.png,https://ghpdpvatfmvsahzsqgpp.supabase.co/storage/v1/object/public/book-covers/The%20Day%20the%20Crayons%20Quit.png,b1cafdd6-fa57-4ccb-9903-a187a5f2f5af,The Day the Crayons Quit,Drew Daywalt,The Day the Crayons Quit.png
updated,The Deadly Dozen.png,The Deadly Dozen.png,https://ghpdpvatfmvsahzsqgpp.supabase.co/storage/v1/object/public/book-covers/The%20Deadly%20Dozen.png,f099b865-a5b8-4f48-a02e-ccb43fd00e97,The Deadly Dozen,Robert Keller,The Deadly Dozen.png
updated,The Doorbell Rang.png,The Doorbell Rang.png,https://ghpdpvatfmvsahzsqgpp.supabase.co/storage/v1/object/public/book-covers/The%20Doorbell%20Rang.png,6246e68c-390a-4cd5-ab0b-424cb075f573,The Doorbell Rang,Rex Stout,The Doorbell Rang.png
updated,The Doorbell Rang.png,The Doorbell Rang.png,https://ghpdpvatfmvsahzsqgpp.supabase.co/storage/v1/object/public/book-covers/The%20Doorbell%20Rang.png,6fc600f3-8820-426b-ad7d-8aa1ab4e9cb4,The Doorbell Rang,Pat Hutchins,The Doorbell Rang.png
updated,The Ecology of Commerce Revised Edition.png,The Ecology of Commerce Revised Edition.png,https://ghpdpvatfmvsahzsqgpp.supabase.co/storage/v1/object/public/book-covers/The%20Ecology%20of%20Commerce%20Revised%20Edition.png,dac6d552-4756-49c8-b185-aa8bf95152c5,The Ecology of Commerce Revised Edition,Paul Hawken,The Ecology of Commerce Revised Edition.png
updated,The Emigrants.png,The Emigrants.png,https://ghpdpvatfmvsahzsqgpp.supabase.co/storage/v1/object/public/book-covers/The%20Emigrants.png,e2dd551d-14d0-4c38-8fd5-20184b464ccc,The Emigrants,Vilhelm Moberg,The Emigrants.png
updated,The Emigrants.png,The Emigrants.png,https://ghpdpvatfmvsahzsqgpp.supabase.co/storage/v1/object/public/book-covers/The%20Emigrants.png,77aab705-2978-4ece-a35f-dbcb6c0280ad,The Emigrants,W.G. Sebald,The Emigrants.png
updated,The End of Eternity.png,The End of Eternity.png,https://ghpdpvatfmvsahzsqgpp.supabase.co/storage/v1/object/public/book-covers/The%20End%20of%20Eternity.png,26847871-85e7-44b9-94c7-4282bded2e8e,The End of Eternity,Isaac Asimov,The End of Eternity.png
updated,The End of Fashion.png,The End of Fashion.png,https://ghpdpvatfmvsahzsqgpp.supabase.co/storage/v1/object/public/book-covers/The%20End%20of%20Fashion.png,82f5aa94-4faa-4895-96d4-f724f5a70dd9,The End of Fashion,Teri Agins,The End of Fashion.png
updated,"The English Grammar Workbook for Grades 6, 7, and 8.png","The English Grammar Workbook for Grades 6, 7, and 8.png",https://ghpdpvatfmvsahzsqgpp.supabase.co/storage/v1/object/public/book-covers/The%20English%20Grammar%20Workbook%20for%20Grades%206%2C%207%2C%20and%208.png,4e5ae3da-1073-424a-8a10-f531eff1b076,"The English Grammar Workbook for Grades 6, 7, and 8",Lauralee Moss,"The English Grammar Workbook for Grades 6, 7, and 8.png"
updated,The Erotic Mind.png,The Erotic Mind.png,https://ghpdpvatfmvsahzsqgpp.supabase.co/storage/v1/object/public/book-covers/The%20Erotic%20Mind.png,0cafd0e6-7764-4c2a-baa4-45e4c4bd8785,The Erotic Mind,Jack Morin,The Erotic Mind.png
updated,The Federalist Papers.png,The Federalist Papers.png,https://ghpdpvatfmvsahzsqgpp.supabase.co/storage/v1/object/public/book-covers/The%20Federalist%20Papers.png,fe7d15ad-1b57-4f0b-8cbf-87f1763551dd,The Federalist Papers,Alexander Hamilton,The Federalist Papers.png
updated,The Feynman Lectures on Physics.png,The Feynman Lectures on Physics.png,https://ghpdpvatfmvsahzsqgpp.supabase.co/storage/v1/object/public/book-covers/The%20Feynman%20Lectures%20on%20Physics.png,86679c32-b040-4019-9094-cca2f5045710,The Feynman Lectures on Physics,Richard P. Feynman,The Feynman Lectures on Physics.png
updated,The FirstTime Mom's Pregnancy Journal.png,The FirstTime Mom's Pregnancy Journal.png,https://ghpdpvatfmvsahzsqgpp.supabase.co/storage/v1/object/public/book-covers/The%20FirstTime%20Mom%27s%20Pregnancy%20Journal.png,c57a6889-eba2-4b64-b2e6-b7c5a6b78fbe,The FirstTime Mom's Pregnancy Journal,Aubrey Grossen,The FirstTime Mom's Pregnancy Journal.png
updated,The Foundations of Buddhism.png,The Foundations of Buddhism.png,https://ghpdpvatfmvsahzsqgpp.supabase.co/storage/v1/object/public/book-covers/The%20Foundations%20of%20Buddhism.png,d5ff4c7b-991b-4686-bf6e-61a5e3098b47,The Foundations of Buddhism,Rupert Gethin,The Foundations of Buddhism.png
updated,The French Laundry Cookbook.png,The French Laundry Cookbook.png,https://ghpdpvatfmvsahzsqgpp.supabase.co/storage/v1/object/public/book-covers/The%20French%20Laundry%20Cookbook.png,32a6d53d-44c4-4001-9b62-bee626755f46,The French Laundry Cookbook,Thomas Keller,The French Laundry Cookbook.png
updated,The Full Plate.png,The Full Plate.png,https://ghpdpvatfmvsahzsqgpp.supabase.co/storage/v1/object/public/book-covers/The%20Full%20Plate.png,ccdeb2a0-9378-45cc-9c38-f52afe6956e6,The Full Plate,Ayesha Curry,The Full Plate.png
updated,The Garlic Ballads.png,The Garlic Ballads.png,https://ghpdpvatfmvsahzsqgpp.supabase.co/storage/v1/object/public/book-covers/The%20Garlic%20Ballads.png,492fcc55-e743-42dd-8b11-25fadd5b5c0c,The Garlic Ballads,Mo Yan,The Garlic Ballads.png
updated,The Gender Wheel School Edition.png,The Gender Wheel School Edition.png,https://ghpdpvatfmvsahzsqgpp.supabase.co/storage/v1/object/public/book-covers/The%20Gender%20Wheel%20School%20Edition.png,a60ab0f7-32c2-4338-9385-49cf3f877d2e,The Gender Wheel School Edition,Maya Christina Gonzalez,The Gender Wheel School Edition.png
updated,The Genius of Birds.png,The Genius of Birds.png,https://ghpdpvatfmvsahzsqgpp.supabase.co/storage/v1/object/public/book-covers/The%20Genius%20of%20Birds.png,9e60c348-91a4-4d05-9f7b-57dce9d9f6a0,The Genius of Birds,Jennifer Ackerman,The Genius of Birds.png
updated,The Great Alone.png,The Great Alone.png,https://ghpdpvatfmvsahzsqgpp.supabase.co/storage/v1/object/public/book-covers/The%20Great%20Alone.png,56cf982f-d3e8-4535-be04-5c8f4a17348a,The Great Alone,Kristin Hannah,The Great Alone.png
updated,The Great Graph Contest.png,The Great Graph Contest.png,https://ghpdpvatfmvsahzsqgpp.supabase.co/storage/v1/object/public/book-covers/The%20Great%20Graph%20Contest.png,40d26b86-f0aa-4507-8ee5-9ef5f4c90db8,The Great Graph Contest,Loreen Leedy,The Great Graph Contest.png
updated,"The Great Mental Models, Volume 2.png","The Great Mental Models, Volume 2.png",https://ghpdpvatfmvsahzsqgpp.supabase.co/storage/v1/object/public/book-covers/The%20Great%20Mental%20Models%2C%20Volume%202.png,057ca583-cb83-4a39-b3ca-4fd3f294eba8,"The Great Mental Models, Volume 2",Farnam Street,"The Great Mental Models, Volume 2.png"
updated,The Great Pretender.png,The Great Pretender.png,https://ghpdpvatfmvsahzsqgpp.supabase.co/storage/v1/object/public/book-covers/The%20Great%20Pretender.png,43f7c3d8-451f-4875-b9e7-77e291a96899,The Great Pretender,Susannah Cahalan,The Great Pretender.png
updated,The Greatest Game Ever Played.png,The Greatest Game Ever Played.png,https://ghpdpvatfmvsahzsqgpp.supabase.co/storage/v1/object/public/book-covers/The%20Greatest%20Game%20Ever%20Played.png,7c41c24f-8e81-4455-b5b0-f8a73c3e3df9,The Greatest Game Ever Played,Mark Frost,The Greatest Game Ever Played.png
updated,The Guns at Last Light.png,The Guns at Last Light.png,https://ghpdpvatfmvsahzsqgpp.supabase.co/storage/v1/object/public/book-covers/The%20Guns%20at%20Last%20Light.png,dc84aa9b-eb26-4977-9ec6-375531f880a4,The Guns at Last Light,Rick Atkinson,The Guns at Last Light.png
updated,The Hero and the Crown.png,The Hero and the Crown.png,https://ghpdpvatfmvsahzsqgpp.supabase.co/storage/v1/object/public/book-covers/The%20Hero%20and%20the%20Crown.png,b39f2edf-80c7-4487-81c4-5ac6e129d691,The Hero and the Crown,Robin McKinley,The Hero and the Crown.png
updated,The Hidden Ways.png,The Hidden Ways.png,https://ghpdpvatfmvsahzsqgpp.supabase.co/storage/v1/object/public/book-covers/The%20Hidden%20Ways.png,cff9d490-9771-4fd3-b272-142440895399,The Hidden Ways,Alistair Moffat,The Hidden Ways.png
updated,The Homemade Vegan Pantry.png,The Homemade Vegan Pantry.png,https://ghpdpvatfmvsahzsqgpp.supabase.co/storage/v1/object/public/book-covers/The%20Homemade%20Vegan%20Pantry.png,fc08d2a3-6044-437a-bdc1-1424f53ac3df,The Homemade Vegan Pantry,Miyoko Schinner,The Homemade Vegan Pantry.png
updated,The Honest Real Estate Agent.png,The Honest Real Estate Agent.png,https://ghpdpvatfmvsahzsqgpp.supabase.co/storage/v1/object/public/book-covers/The%20Honest%20Real%20Estate%20Agent.png,4ec8c8e8-ae6d-4888-a960-5f5f31cce0cd,The Honest Real Estate Agent,Mario Jannatpour,The Honest Real Estate Agent.png
updated,The House Next Door.png,The House Next Door.png,https://ghpdpvatfmvsahzsqgpp.supabase.co/storage/v1/object/public/book-covers/The%20House%20Next%20Door.png,539c734d-3e7f-4223-9aef-a17995d17695,The House Next Door,Anne Rivers Siddons,The House Next Door.png
updated,The House Next Door.png,The House Next Door.png,https://ghpdpvatfmvsahzsqgpp.supabase.co/storage/v1/object/public/book-covers/The%20House%20Next%20Door.png,1136a2d6-120d-4e4c-9393-bc39cfe7d97c,The House Next Door,Darcy Coates,The House Next Door.png
updated,The House by the Lake.png,The House by the Lake.png,https://ghpdpvatfmvsahzsqgpp.supabase.co/storage/v1/object/public/book-covers/The%20House%20by%20the%20Lake.png,06446ac9-68d7-483c-a4e4-4f46da10a3e3,The House by the Lake,Thomas Harding,The House by the Lake.png
updated,The Hubble Cosmos.png,The Hubble Cosmos.png,https://ghpdpvatfmvsahzsqgpp.supabase.co/storage/v1/object/public/book-covers/The%20Hubble%20Cosmos.png,8e8e04bb-3f65-4692-84d3-035210176ae7,The Hubble Cosmos,David H. Devorkin,The Hubble Cosmos.png
updated,The Hungover Cookbook.png,The Hungover Cookbook.png,https://ghpdpvatfmvsahzsqgpp.supabase.co/storage/v1/object/public/book-covers/The%20Hungover%20Cookbook.png,0d18c7cd-2fd2-4a0f-887a-6a6309a3e926,The Hungover Cookbook,Milton Crawford,The Hungover Cookbook.png
updated,The Importance of Being Little.png,The Importance of Being Little.png,https://ghpdpvatfmvsahzsqgpp.supabase.co/storage/v1/object/public/book-covers/The%20Importance%20of%20Being%20Little.png,de15f71e-64ad-4fc2-b89a-501c1ede6851,The Importance of Being Little,Erika Christakis,The Importance of Being Little.png
updated,The Jakarta Method.png,The Jakarta Method.png,https://ghpdpvatfmvsahzsqgpp.supabase.co/storage/v1/object/public/book-covers/The%20Jakarta%20Method.png,13c04b3a-646c-42b4-ba4f-80b76579e0bc,The Jakarta Method,Vincent Bevins,The Jakarta Method.png
updated,The Jordan Rules.png,The Jordan Rules.png,https://ghpdpvatfmvsahzsqgpp.supabase.co/storage/v1/object/public/book-covers/The%20Jordan%20Rules.png,98c1be3d-cc95-4c4e-a794-aedbe83180d4,The Jordan Rules,Sam Smith,The Jordan Rules.png
updated,The Joy of Pickling.png,The Joy of Pickling.png,https://ghpdpvatfmvsahzsqgpp.supabase.co/storage/v1/object/public/book-covers/The%20Joy%20of%20Pickling.png,2583536f-cafd-4978-be6c-10e62f3374a4,The Joy of Pickling,Linda Ziedrich,The Joy of Pickling.png
updated,"The Kane Chronicles, Book One The Red Pyramid.png","The Kane Chronicles, Book One The Red Pyramid.png",https://ghpdpvatfmvsahzsqgpp.supabase.co/storage/v1/object/public/book-covers/The%20Kane%20Chronicles%2C%20Book%20One%20The%20Red%20Pyramid.png,e502f462-7721-45ba-88a7-c8f3d3edb74c,"The Kane Chronicles, Book One The Red Pyramid",Rick Riordan,"The Kane Chronicles, Book One The Red Pyramid.png"
updated,The Keto Instant Pot Cookbook.png,The Keto Instant Pot Cookbook.png,https://ghpdpvatfmvsahzsqgpp.supabase.co/storage/v1/object/public/book-covers/The%20Keto%20Instant%20Pot%20Cookbook.png,06297d0a-e6c8-4796-8aa2-f0d8ff9006db,The Keto Instant Pot Cookbook,Urvashi Pitre,The Keto Instant Pot Cookbook.png
updated,The Kid Who Only Hit Homers.png,The Kid Who Only Hit Homers.png,https://ghpdpvatfmvsahzsqgpp.supabase.co/storage/v1/object/public/book-covers/The%20Kid%20Who%20Only%20Hit%20Homers.png,7a4943b4-81d8-434e-a165-f2bb2c61cc6a,The Kid Who Only Hit Homers,Matt Christopher,The Kid Who Only Hit Homers.png
updated,The Killer Angels.png,The Killer Angels.png,https://ghpdpvatfmvsahzsqgpp.supabase.co/storage/v1/object/public/book-covers/The%20Killer%20Angels.png,e60ded09-19d2-49c5-9b19-bcf9b1bbe25e,The Killer Angels,Various Authors,The Killer Angels.png
updated,The Killer Angels.png,The Killer Angels.png,https://ghpdpvatfmvsahzsqgpp.supabase.co/storage/v1/object/public/book-covers/The%20Killer%20Angels.png,469e5f81-0640-4982-ad4c-567941b09a56,The Killer Angels,Michael Shaara,The Killer Angels.png
updated,The Kiss Quotient.png,The Kiss Quotient.png,https://ghpdpvatfmvsahzsqgpp.supabase.co/storage/v1/object/public/book-covers/The%20Kiss%20Quotient.png,18c26041-ae81-4d73-bc17-6635ced7a2e7,The Kiss Quotient,Helen Hoang,The Kiss Quotient.png
updated,The Knitter's Book of Socks.png,The Knitter's Book of Socks.png,https://ghpdpvatfmvsahzsqgpp.supabase.co/storage/v1/object/public/book-covers/The%20Knitter%27s%20Book%20of%20Socks.png,b2f91c0e-2f79-4d40-80c1-9f05b6c7871d,The Knitter's Book of Socks,Clara Parkes,The Knitter's Book of Socks.png
updated,The Last Black Unicorn.png,The Last Black Unicorn.png,https://ghpdpvatfmvsahzsqgpp.supabase.co/storage/v1/object/public/book-covers/The%20Last%20Black%20Unicorn.png,84c676af-f74e-4aac-aa33-afada2c39c17,The Last Black Unicorn,Tiffany Haddish,The Last Black Unicorn.png
updated,The Last Temptation of Christ.png,The Last Temptation of Christ.png,https://ghpdpvatfmvsahzsqgpp.supabase.co/storage/v1/object/public/book-covers/The%20Last%20Temptation%20of%20Christ.png,b2475b99-7b57-4934-a0df-497379675d27,The Last Temptation of Christ,Nikos Kazantzakis,The Last Temptation of Christ.png
updated,The Librarian of Auschwitz.png,The Librarian of Auschwitz.png,https://ghpdpvatfmvsahzsqgpp.supabase.co/storage/v1/object/public/book-covers/The%20Librarian%20of%20Auschwitz.png,c12fa9f3-b9c0-4368-82de-8ad1ab73c38c,The Librarian of Auschwitz,Antonio Iturbe,The Librarian of Auschwitz.png
updated,The Life of Johnny Reb.png,The Life of Johnny Reb.png,https://ghpdpvatfmvsahzsqgpp.supabase.co/storage/v1/object/public/book-covers/The%20Life%20of%20Johnny%20Reb.png,a21a4e6f-8257-446c-8dd8-ee019e83bbae,The Life of Johnny Reb,Bell Irvin Wiley,The Life of Johnny Reb.png
updated,The Little Bitcoin Book.png,The Little Bitcoin Book.png,https://ghpdpvatfmvsahzsqgpp.supabase.co/storage/v1/object/public/book-covers/The%20Little%20Bitcoin%20Book.png,71b0b53f-b954-424c-8ad3-60251a1a7f2b,The Little Bitcoin Book,Bitcoin Collective,The Little Bitcoin Book.png
updated,The Little Book of Stoicism.png,The Little Book of Stoicism.png,https://ghpdpvatfmvsahzsqgpp.supabase.co/storage/v1/object/public/book-covers/The%20Little%20Book%20of%20Stoicism.png,19058644-6620-474c-9945-c061e710e83f,The Little Book of Stoicism,Jonas Salzgeber,The Little Book of Stoicism.png
updated,The Little Prince.png,The Little Prince.png,https://ghpdpvatfmvsahzsqgpp.supabase.co/storage/v1/object/public/book-covers/The%20Little%20Prince.png,3249e10a-5639-4594-90cc-4ab9c60d5e80,The Little Prince,Antoine de SaintExupéry,The Little Prince.png
updated,The Lonely Londoners.png,The Lonely Londoners.png,https://ghpdpvatfmvsahzsqgpp.supabase.co/storage/v1/object/public/book-covers/The%20Lonely%20Londoners.png,b976809e-8f45-4a5f-a8b8-2fe973698f9d,The Lonely Londoners,Samuel Selvon,The Lonely Londoners.png
updated,The Magic and Mystery of Trees.png,The Magic and Mystery of Trees.png,https://ghpdpvatfmvsahzsqgpp.supabase.co/storage/v1/object/public/book-covers/The%20Magic%20and%20Mystery%20of%20Trees.png,dd474d67-97fa-4d25-bcb4-48a7ce0f153a,The Magic and Mystery of Trees,Jen Green,The Magic and Mystery of Trees.png
updated,The Magical City.png,The Magical City.png,https://ghpdpvatfmvsahzsqgpp.supabase.co/storage/v1/object/public/book-covers/The%20Magical%20City.png,29efe574-91b1-4583-9fdf-2aac6ef5d47e,The Magical City,Lizzie Mary Cullen,The Magical City.png
updated,The Man Who Made Things Out of Trees.png,The Man Who Made Things Out of Trees.png,https://ghpdpvatfmvsahzsqgpp.supabase.co/storage/v1/object/public/book-covers/The%20Man%20Who%20Made%20Things%20Out%20of%20Trees.png,bb7e34e8-19bf-4941-8693-354a52f55efa,The Man Who Made Things Out of Trees,Robert Penn,The Man Who Made Things Out of Trees.png
updated,The Manager's Path.png,The Manager's Path.png,https://ghpdpvatfmvsahzsqgpp.supabase.co/storage/v1/object/public/book-covers/The%20Manager%27s%20Path.png,f6f402a4-e90b-4962-907c-3ace365d1355,The Manager's Path,Camille Fournier,The Manager's Path.png
updated,The Memory Box.png,The Memory Box.png,https://ghpdpvatfmvsahzsqgpp.supabase.co/storage/v1/object/public/book-covers/The%20Memory%20Box.png,0b35d919-25ae-4afe-9041-1055f9650138,The Memory Box,Joanna Rowland,The Memory Box.png
updated,The Men Who Lost America.png,The Men Who Lost America.png,https://ghpdpvatfmvsahzsqgpp.supabase.co/storage/v1/object/public/book-covers/The%20Men%20Who%20Lost%20America.png,5f7f0a8d-7a4d-42f3-9b69-e10c44c4c77b,The Men Who Lost America,Andrew Jackson O'Shaughnessy,The Men Who Lost America.png
updated,The Mercies.png,The Mercies.png,https://ghpdpvatfmvsahzsqgpp.supabase.co/storage/v1/object/public/book-covers/The%20Mercies.png,4a767202-3d32-45a7-97a6-1dd1b4c4458d,The Mercies,Kirin Millwood Hargrave,The Mercies.png
updated,"The Mermaid, the Witch, and the Sea.png","The Mermaid, the Witch, and the Sea.png",https://ghpdpvatfmvsahzsqgpp.supabase.co/storage/v1/object/public/book-covers/The%20Mermaid%2C%20the%20Witch%2C%20and%20the%20Sea.png,ead7acd3-9e4b-4d43-8759-97d330cfdfbe,"The Mermaid, the Witch, and the Sea",Maggie TokudaHall,"The Mermaid, the Witch, and the Sea.png"
updated,The Midnight Library.png,The Midnight Library.png,https://ghpdpvatfmvsahzsqgpp.supabase.co/storage/v1/object/public/book-covers/The%20Midnight%20Library.png,43314b37-a438-4c9d-a747-0217503b2e26,The Midnight Library,Matt Haig,The Midnight Library.png
updated,The MindGut Connection.png,The MindGut Connection.png,https://ghpdpvatfmvsahzsqgpp.supabase.co/storage/v1/object/public/book-covers/The%20MindGut%20Connection.png,1647c39b-7048-4347-8e3f-c1fb032d570f,The MindGut Connection,Emeran Mayer,The MindGut Connection.png
updated,The Modern Tiffin.png,The Modern Tiffin.png,https://ghpdpvatfmvsahzsqgpp.supabase.co/storage/v1/object/public/book-covers/The%20Modern%20Tiffin.png,b0209c49-77b0-400b-abf4-4ded98f3b3c4,The Modern Tiffin,Priyanka Naik,The Modern Tiffin.png
updated,The Moral Sayings Of Publius Syrus.png,The Moral Sayings Of Publius Syrus.png,https://ghpdpvatfmvsahzsqgpp.supabase.co/storage/v1/object/public/book-covers/The%20Moral%20Sayings%20Of%20Publius%20Syrus.png,960569df-9939-4641-8813-f6c47cbb90de,The Moral Sayings Of Publius Syrus,Publius Syrus,The Moral Sayings Of Publius Syrus.png
updated,The Mouse and the Motorcycle.png,The Mouse and the Motorcycle.png,https://ghpdpvatfmvsahzsqgpp.supabase.co/storage/v1/object/public/book-covers/The%20Mouse%20and%20the%20Motorcycle.png,c3173646-cc43-48c6-ad8a-f692885e3cd2,The Mouse and the Motorcycle,Beverly Cleary,The Mouse and the Motorcycle.png
updated,The Mushroom Cultivator.png,The Mushroom Cultivator.png,https://ghpdpvatfmvsahzsqgpp.supabase.co/storage/v1/object/public/book-covers/The%20Mushroom%20Cultivator.png,e792788c-f8e4-4e2c-98cc-db703d0f3d19,The Mushroom Cultivator,"Paul Stamets, J. S. Chilton",The Mushroom Cultivator.png
updated,The NFT Handbook.png,The NFT Handbook.png,https://ghpdpvatfmvsahzsqgpp.supabase.co/storage/v1/object/public/book-covers/The%20NFT%20Handbook.png,0d76b096-39aa-4985-9ab7-1dcc1244b6a0,The NFT Handbook,Matt Fortnow,The NFT Handbook.png
updated,The NFT Handbook.png,The NFT Handbook.png,https://ghpdpvatfmvsahzsqgpp.supabase.co/storage/v1/object/public/book-covers/The%20NFT%20Handbook.png,d487c3d9-2ed0-4fa3-a298-ae4c5f478cfa,The NFT Handbook,"Matt Fortnow, QuHarrison Terry",The NFT Handbook.png
updated,The NFT Handbook.png,The NFT Handbook.png,https://ghpdpvatfmvsahzsqgpp.supabase.co/storage/v1/object/public/book-covers/The%20NFT%20Handbook.png,71ca45e9-94dd-4090-801c-6522f1ad6fdf,The NFT Handbook,Nathan Real,The NFT Handbook.png
updated,The Name Jar.png,The Name Jar.png,https://ghpdpvatfmvsahzsqgpp.supabase.co/storage/v1/object/public/book-covers/The%20Name%20Jar.png,31896084-ffb4-42a0-afdb-9c4da6f70b75,The Name Jar,Yangsook Choi,The Name Jar.png
updated,The Name of the Wind.png,The Name of the Wind.png,https://ghpdpvatfmvsahzsqgpp.supabase.co/storage/v1/object/public/book-covers/The%20Name%20of%20the%20Wind.png,377b74bf-26ea-471e-a99a-a63b243d8c3e,The Name of the Wind,Patrick Rothfuss,The Name of the Wind.png
updated,The Nicomachean Ethics.png,The Nicomachean Ethics.png,https://ghpdpvatfmvsahzsqgpp.supabase.co/storage/v1/object/public/book-covers/The%20Nicomachean%20Ethics.png,193887a7-09a2-45c1-b065-f75e4109760a,The Nicomachean Ethics,Aristotle,The Nicomachean Ethics.png
updated,The Nicomachean Ethics.png,The Nicomachean Ethics.png,https://ghpdpvatfmvsahzsqgpp.supabase.co/storage/v1/object/public/book-covers/The%20Nicomachean%20Ethics.png,b8af35d8-892f-4a3a-bdbb-ff28cca778f3,The Nicomachean Ethics,Artistotle,The Nicomachean Ethics.png
updated,The Night Gardener.png,The Night Gardener.png,https://ghpdpvatfmvsahzsqgpp.supabase.co/storage/v1/object/public/book-covers/The%20Night%20Gardener.png,76b2f032-6c67-48c8-87f0-442fdcdd950d,The Night Gardener,Terry Fan,The Night Gardener.png
updated,The Official Study Guide for ALL SAT Subject Tests.png,The Official Study Guide for ALL SAT Subject Tests.png,https://ghpdpvatfmvsahzsqgpp.supabase.co/storage/v1/object/public/book-covers/The%20Official%20Study%20Guide%20for%20ALL%20SAT%20Subject%20Tests.png,659d3bfa-b914-47f0-be5a-af0bd479e101,The Official Study Guide for ALL SAT Subject Tests,The College Board,The Official Study Guide for ALL SAT Subject Tests.png
updated,The OnePot Diabetic Cookbook.png,The OnePot Diabetic Cookbook.png,https://ghpdpvatfmvsahzsqgpp.supabase.co/storage/v1/object/public/book-covers/The%20OnePot%20Diabetic%20Cookbook.png,2762d009-9ebd-4188-bf81-7b46617224d5,The OnePot Diabetic Cookbook,Kathy Birkett RDN LD,The OnePot Diabetic Cookbook.png
updated,The Optimistic Child.png,The Optimistic Child.png,https://ghpdpvatfmvsahzsqgpp.supabase.co/storage/v1/object/public/book-covers/The%20Optimistic%20Child.png,f1b6fe34-2878-4f0a-a9a7-d26a201d527f,The Optimistic Child,Martin E. P. Seligman,The Optimistic Child.png
updated,"The Orvis FlyFishing Guide, Revised.png","The Orvis FlyFishing Guide, Revised.png",https://ghpdpvatfmvsahzsqgpp.supabase.co/storage/v1/object/public/book-covers/The%20Orvis%20FlyFishing%20Guide%2C%20Revised.png,b5675e7f-266b-4318-9d6a-ccd8e8218b46,"The Orvis FlyFishing Guide, Revised",Tom Rosenbauer,"The Orvis FlyFishing Guide, Revised.png"
updated,The Paleo Solution.png,The Paleo Solution.png,https://ghpdpvatfmvsahzsqgpp.supabase.co/storage/v1/object/public/book-covers/The%20Paleo%20Solution.png,0fd2c2b2-ae59-4312-bdfc-bb8b35b7f3b7,The Paleo Solution,Robb Wolf,The Paleo Solution.png
updated,The Perfectly Imperfect Home.png,The Perfectly Imperfect Home.png,https://ghpdpvatfmvsahzsqgpp.supabase.co/storage/v1/object/public/book-covers/The%20Perfectly%20Imperfect%20Home.png,244f375e-6ebb-481f-83fd-91edd43e1022,The Perfectly Imperfect Home,Deborah Needleman,The Perfectly Imperfect Home.png
updated,The Periodic Table.png,The Periodic Table.png,https://ghpdpvatfmvsahzsqgpp.supabase.co/storage/v1/object/public/book-covers/The%20Periodic%20Table.png,67e2de2e-5d26-4211-9fd7-ec9bb78081f2,The Periodic Table,Primo Levi,The Periodic Table.png
updated,The Periodic Table.png,The Periodic Table.png,https://ghpdpvatfmvsahzsqgpp.supabase.co/storage/v1/object/public/book-covers/The%20Periodic%20Table.png,37144ebb-db5b-4330-82bd-f02fbd333840,The Periodic Table,Gail Dixon,The Periodic Table.png
updated,The Personal Trainer's Big Book of Programs.png,The Personal Trainer's Big Book of Programs.png,https://ghpdpvatfmvsahzsqgpp.supabase.co/storage/v1/object/public/book-covers/The%20Personal%20Trainer%27s%20Big%20Book%20of%20Programs.png,83130d08-4af6-4da2-9712-298914965d91,The Personal Trainer's Big Book of Programs,"Alwyn Cosgrove, Craig Rasmussen",The Personal Trainer's Big Book of Programs.png
updated,The Possibility Principle.png,The Possibility Principle.png,https://ghpdpvatfmvsahzsqgpp.supabase.co/storage/v1/object/public/book-covers/The%20Possibility%20Principle.png,1b4755de-149a-41e0-a1f9-260b7e8d42c6,The Possibility Principle,Mel Schwartz,The Possibility Principle.png
updated,The Presentation of Self in Everyday Life.png,The Presentation of Self in Everyday Life.png,https://ghpdpvatfmvsahzsqgpp.supabase.co/storage/v1/object/public/book-covers/The%20Presentation%20of%20Self%20in%20Everyday%20Life.png,265809eb-c302-4d76-8eec-e6bad4de7c08,The Presentation of Self in Everyday Life,Erving Goffman,The Presentation of Self in Everyday Life.png
updated,The Professor in the Cage.png,The Professor in the Cage.png,https://ghpdpvatfmvsahzsqgpp.supabase.co/storage/v1/object/public/book-covers/The%20Professor%20in%20the%20Cage.png,533a2eb4-4ebd-4bc5-bc2c-20f9ea67f91d,The Professor in the Cage,Jonathan Gottschall,The Professor in the Cage.png
updated,The Prophet.png,The Prophet.png,https://ghpdpvatfmvsahzsqgpp.supabase.co/storage/v1/object/public/book-covers/The%20Prophet.png,a2c684fc-d4e6-4e57-bbac-19476412fab3,The Prophet,Francine Rivers,The Prophet.png
updated,The Prophet.png,The Prophet.png,https://ghpdpvatfmvsahzsqgpp.supabase.co/storage/v1/object/public/book-covers/The%20Prophet.png,fd072600-8a0c-4b8a-8819-cd4b8f3520c0,The Prophet,Kahlil Gibran,The Prophet.png
updated,The Putting Prescription.png,The Putting Prescription.png,https://ghpdpvatfmvsahzsqgpp.supabase.co/storage/v1/object/public/book-covers/The%20Putting%20Prescription.png,9aadab11-1073-40de-855b-78fefcc5ba4d,The Putting Prescription,Craig L. Farnsworth,The Putting Prescription.png
updated,The Quick Python Book.png,The Quick Python Book.png,https://ghpdpvatfmvsahzsqgpp.supabase.co/storage/v1/object/public/book-covers/The%20Quick%20Python%20Book.png,566cc754-2023-4646-b69d-36ee753d9ea7,The Quick Python Book,Naomi Ceder,The Quick Python Book.png
updated,The Rabbit Listened.png,The Rabbit Listened.png,https://ghpdpvatfmvsahzsqgpp.supabase.co/storage/v1/object/public/book-covers/The%20Rabbit%20Listened.png,dd2ef7df-20d9-4e61-b4e2-e18c421efd66,The Rabbit Listened,Cori Doerrfeld,The Rabbit Listened.png
updated,The Real Doctor Will See You Shortly.png,The Real Doctor Will See You Shortly.png,https://ghpdpvatfmvsahzsqgpp.supabase.co/storage/v1/object/public/book-covers/The%20Real%20Doctor%20Will%20See%20You%20Shortly.png,59dfad13-fdd5-4890-ae1a-81f0ee7dddd6,The Real Doctor Will See You Shortly,Matt McCarthy,The Real Doctor Will See You Shortly.png
updated,The Real World.png,The Real World.png,https://ghpdpvatfmvsahzsqgpp.supabase.co/storage/v1/object/public/book-covers/The%20Real%20World.png,d9868b91-6c27-41eb-a348-998f15ee6710,The Real World,Kerry Ferris,The Real World.png
updated,The Remaining.png,The Remaining.png,https://ghpdpvatfmvsahzsqgpp.supabase.co/storage/v1/object/public/book-covers/The%20Remaining.png,0a26050f-a75b-4bd8-9785-990dc29ba3f7,The Remaining,D J Molles,The Remaining.png
updated,The Rise of Theodore Roosevelt.png,The Rise of Theodore Roosevelt.png,https://ghpdpvatfmvsahzsqgpp.supabase.co/storage/v1/object/public/book-covers/The%20Rise%20of%20Theodore%20Roosevelt.png,ec7b06d6-4fe0-4da1-a067-6110fe3181bc,The Rise of Theodore Roosevelt,Edmund Morris,The Rise of Theodore Roosevelt.png
updated,The Road to Los Angeles.png,The Road to Los Angeles.png,https://ghpdpvatfmvsahzsqgpp.supabase.co/storage/v1/object/public/book-covers/The%20Road%20to%20Los%20Angeles.png,7f4da065-88ea-4d2d-b58d-045a8c491486,The Road to Los Angeles,John Fante,The Road to Los Angeles.png
updated,The Romanov Sisters.png,The Romanov Sisters.png,https://ghpdpvatfmvsahzsqgpp.supabase.co/storage/v1/object/public/book-covers/The%20Romanov%20Sisters.png,d450a5e9-7839-49ad-9797-0c9192ca0beb,The Romanov Sisters,Helen Rappaport,The Romanov Sisters.png
updated,The Secret Chief Revealed.png,The Secret Chief Revealed.png,https://ghpdpvatfmvsahzsqgpp.supabase.co/storage/v1/object/public/book-covers/The%20Secret%20Chief%20Revealed.png,90db48ce-337b-4de0-aa78-e0859aefb5fa,The Secret Chief Revealed,Myron J. Stolaroff,The Secret Chief Revealed.png
updated,The Secret Power of Yoga.png,The Secret Power of Yoga.png,https://ghpdpvatfmvsahzsqgpp.supabase.co/storage/v1/object/public/book-covers/The%20Secret%20Power%20of%20Yoga.png,a31ade97-17d6-443b-9b9f-fec01d66249c,The Secret Power of Yoga,Nischala Joy Devi,The Secret Power of Yoga.png
updated,The Secret Thoughts of an Unlikely Convert.png,The Secret Thoughts of an Unlikely Convert.png,https://ghpdpvatfmvsahzsqgpp.supabase.co/storage/v1/object/public/book-covers/The%20Secret%20Thoughts%20of%20an%20Unlikely%20Convert.png,0a1f8c9a-0922-40cf-a092-cd79548b222a,The Secret Thoughts of an Unlikely Convert,Rosaria Champagne Butterfield,The Secret Thoughts of an Unlikely Convert.png
updated,The Secret in Their Eyes.png,The Secret in Their Eyes.png,https://ghpdpvatfmvsahzsqgpp.supabase.co/storage/v1/object/public/book-covers/The%20Secret%20in%20Their%20Eyes.png,21b715b0-2633-42a8-b41e-7f12914fb753,The Secret in Their Eyes,Eduardo Sacheri,The Secret in Their Eyes.png
updated,The Secret to Teen Power.png,The Secret to Teen Power.png,https://ghpdpvatfmvsahzsqgpp.supabase.co/storage/v1/object/public/book-covers/The%20Secret%20to%20Teen%20Power.png,32bd336e-9880-4a21-b1f3-7ba6f22ceb77,The Secret to Teen Power,Paul Harrington,The Secret to Teen Power.png
updated,The Secrets of Body Language.png,The Secrets of Body Language.png,https://ghpdpvatfmvsahzsqgpp.supabase.co/storage/v1/object/public/book-covers/The%20Secrets%20of%20Body%20Language.png,7db5a648-00fd-4e6c-8491-9e79e280aed7,The Secrets of Body Language,Philippe Turchet,The Secrets of Body Language.png
updated,The Self Confidence Workbook.png,The Self Confidence Workbook.png,https://ghpdpvatfmvsahzsqgpp.supabase.co/storage/v1/object/public/book-covers/The%20Self%20Confidence%20Workbook.png,196c8231-fd5d-4629-bb86-908f67704a4d,The Self Confidence Workbook,Barbara Markway,The Self Confidence Workbook.png
updated,The Self Confidence Workbook.png,The Self Confidence Workbook.png,https://ghpdpvatfmvsahzsqgpp.supabase.co/storage/v1/object/public/book-covers/The%20Self%20Confidence%20Workbook.png,8a394902-69eb-4676-8cd7-7c51c3187e4e,The Self Confidence Workbook,Barbara Markway PhD,The Self Confidence Workbook.png
updated,The Selling Revolution.png,The Selling Revolution.png,https://ghpdpvatfmvsahzsqgpp.supabase.co/storage/v1/object/public/book-covers/The%20Selling%20Revolution.png,ea03b9cb-2863-46ef-9d05-21e178ce6665,The Selling Revolution,DJ Sebastian,The Selling Revolution.png
updated,The Servant Leader.png,The Servant Leader.png,https://ghpdpvatfmvsahzsqgpp.supabase.co/storage/v1/object/public/book-covers/The%20Servant%20Leader.png,2499c42d-1094-4bf4-91f4-c378934739b4,The Servant Leader,James A. Autry,The Servant Leader.png
updated,The Seventh Day.png,The Seventh Day.png,https://ghpdpvatfmvsahzsqgpp.supabase.co/storage/v1/object/public/book-covers/The%20Seventh%20Day.png,85429aab-452f-4582-92cf-def34cc93eff,The Seventh Day,Yu Hua,The Seventh Day.png
updated,The Sh!t No One Tells You.png,The Sh!t No One Tells You.png,https://ghpdpvatfmvsahzsqgpp.supabase.co/storage/v1/object/public/book-covers/The%20Sh%21t%20No%20One%20Tells%20You.png,916317d5-72e5-4748-b193-2b99dff18cd7,The Sh!t No One Tells You,Dawn Dais,The Sh!t No One Tells You.png
updated,The Shadow of Death.png,The Shadow of Death.png,https://ghpdpvatfmvsahzsqgpp.supabase.co/storage/v1/object/public/book-covers/The%20Shadow%20of%20Death.png,f490b4fa-6499-4368-8303-721c9de869c2,The Shadow of Death,Philip E. Ginsburg,The Shadow of Death.png
updated,The Shadow of Death.png,The Shadow of Death.png,https://ghpdpvatfmvsahzsqgpp.supabase.co/storage/v1/object/public/book-covers/The%20Shadow%20of%20Death.png,5c91b44e-617d-4c8d-9eae-9389062dedf6,The Shadow of Death,Christopher Pike,The Shadow of Death.png
updated,The Shadow of the Wind.png,The Shadow of the Wind.png,https://ghpdpvatfmvsahzsqgpp.supabase.co/storage/v1/object/public/book-covers/The%20Shadow%20of%20the%20Wind.png,e19f1a81-14c9-43cc-a2cf-40d2775e7064,The Shadow of the Wind,Carlos Ruiz Zaf�n,The Shadow of the Wind.png
updated,The Shepherd's Hut.png,The Shepherd's Hut.png,https://ghpdpvatfmvsahzsqgpp.supabase.co/storage/v1/object/public/book-covers/The%20Shepherd%27s%20Hut.png,cb575660-5eb9-4bed-8305-83e3c5327bd5,The Shepherd's Hut,Tim Winton,The Shepherd's Hut.png
updated,The Simply Vegetarian Cookbook.png,The Simply Vegetarian Cookbook.png,https://ghpdpvatfmvsahzsqgpp.supabase.co/storage/v1/object/public/book-covers/The%20Simply%20Vegetarian%20Cookbook.png,9debe103-5a3f-4d76-b499-672b731b5ff6,The Simply Vegetarian Cookbook,Susan Pridmore,The Simply Vegetarian Cookbook.png
updated,The Spirit of 74.png,The Spirit of 74.png,https://ghpdpvatfmvsahzsqgpp.supabase.co/storage/v1/object/public/book-covers/The%20Spirit%20of%2074.png,23ac8072-d80c-4b1d-8241-ec1fa3a6e88e,The Spirit of 74,Ray Raphael,The Spirit of 74.png
updated,The Spy Who Came in from the Cold.png,The Spy Who Came in from the Cold.png,https://ghpdpvatfmvsahzsqgpp.supabase.co/storage/v1/object/public/book-covers/The%20Spy%20Who%20Came%20in%20from%20the%20Cold.png,3158937f-2f28-4fe2-89bc-63fae7b3391e,The Spy Who Came in from the Cold,John le Carr�,The Spy Who Came in from the Cold.png
updated,The Startup Owner's Manual.png,The Startup Owner's Manual.png,https://ghpdpvatfmvsahzsqgpp.supabase.co/storage/v1/object/public/book-covers/The%20Startup%20Owner%27s%20Manual.png,f28859bc-e6d0-4f0f-a4ed-74165a485830,The Startup Owner's Manual,Steve Blank,The Startup Owner's Manual.png
updated,The Steampunk Trilogy.png,The Steampunk Trilogy.png,https://ghpdpvatfmvsahzsqgpp.supabase.co/storage/v1/object/public/book-covers/The%20Steampunk%20Trilogy.png,cf0dc9c9-27aa-41ae-b65f-09dfe046eb31,The Steampunk Trilogy,Paul di Filippo,The Steampunk Trilogy.png
updated,The Storm of Sex Addiction.png,The Storm of Sex Addiction.png,https://ghpdpvatfmvsahzsqgpp.supabase.co/storage/v1/object/public/book-covers/The%20Storm%20of%20Sex%20Addiction.png,deb3c568-ee0b-4ab3-9e3b-e11a9b7bda59,The Storm of Sex Addiction,Connie A. Lofgreen,The Storm of Sex Addiction.png
updated,The Story of More.png,The Story of More.png,https://ghpdpvatfmvsahzsqgpp.supabase.co/storage/v1/object/public/book-covers/The%20Story%20of%20More.png,bbdf85d3-9378-4b92-9425-7d03419b835f,The Story of More,Hope Jahren,The Story of More.png
updated,The Structure of Scientific Revolutions.png,The Structure of Scientific Revolutions.png,https://ghpdpvatfmvsahzsqgpp.supabase.co/storage/v1/object/public/book-covers/The%20Structure%20of%20Scientific%20Revolutions.png,9e5c765d-6735-4dba-8a66-0394c5563b23,The Structure of Scientific Revolutions,Thomas S. Kuhn,The Structure of Scientific Revolutions.png
updated,The Super Easy Vegan Slow Cooker Cookbook.png,The Super Easy Vegan Slow Cooker Cookbook.png,https://ghpdpvatfmvsahzsqgpp.supabase.co/storage/v1/object/public/book-covers/The%20Super%20Easy%20Vegan%20Slow%20Cooker%20Cookbook.png,fc9c4fce-2379-4460-81cc-2a65e1aa269f,The Super Easy Vegan Slow Cooker Cookbook,Toni Okamoto,The Super Easy Vegan Slow Cooker Cookbook.png
updated,The Survival Guide for Making and Being Friends.png,The Survival Guide for Making and Being Friends.png,https://ghpdpvatfmvsahzsqgpp.supabase.co/storage/v1/object/public/book-covers/The%20Survival%20Guide%20for%20Making%20and%20Being%20Friends.png,1079e477-0ff1-41d4-874f-2d762f2f6990,The Survival Guide for Making and Being Friends,James J. Crist,The Survival Guide for Making and Being Friends.png
updated,The Tarot Revealed.png,The Tarot Revealed.png,https://ghpdpvatfmvsahzsqgpp.supabase.co/storage/v1/object/public/book-covers/The%20Tarot%20Revealed.png,a2041105-bfbb-4700-87b2-8264b05de0c8,The Tarot Revealed,Paul FentonSmith,The Tarot Revealed.png
updated,The Tax and Legal Playbook.png,The Tax and Legal Playbook.png,https://ghpdpvatfmvsahzsqgpp.supabase.co/storage/v1/object/public/book-covers/The%20Tax%20and%20Legal%20Playbook.png,79c6e1f3-af56-4481-a9a5-22166dda5ef4,The Tax and Legal Playbook,Mark J Kohler,The Tax and Legal Playbook.png
updated,The Things They Carried.png,The Things They Carried.png,https://ghpdpvatfmvsahzsqgpp.supabase.co/storage/v1/object/public/book-covers/The%20Things%20They%20Carried.png,20a60fed-961b-43b2-80d6-fee669831e5a,The Things They Carried,Tim O'Brien,The Things They Carried.png
updated,The Three Marias.png,The Three Marias.png,https://ghpdpvatfmvsahzsqgpp.supabase.co/storage/v1/object/public/book-covers/The%20Three%20Marias.png,fa1fbfd4-3442-48fa-8a5a-52e500fb02c7,The Three Marias,Rachel de Queiroz,The Three Marias.png
updated,The Toothpaste Millionaire.png,The Toothpaste Millionaire.png,https://ghpdpvatfmvsahzsqgpp.supabase.co/storage/v1/object/public/book-covers/The%20Toothpaste%20Millionaire.png,b33e4f0a-d666-4cf5-88d3-3c3005e347f3,The Toothpaste Millionaire,Jean Merrill,The Toothpaste Millionaire.png
updated,The Troop.png,The Troop.png,https://ghpdpvatfmvsahzsqgpp.supabase.co/storage/v1/object/public/book-covers/The%20Troop.png,cea7a740-733b-4052-b5cd-5386c5b3ac44,The Troop,Nick Cutter,The Troop.png
updated,The Twelve Houses.png,The Twelve Houses.png,https://ghpdpvatfmvsahzsqgpp.supabase.co/storage/v1/object/public/book-covers/The%20Twelve%20Houses.png,73bd00c3-7fde-4359-a603-90f877434a2a,The Twelve Houses,Howard Sasportas,The Twelve Houses.png
updated,The Unwinding.png,The Unwinding.png,https://ghpdpvatfmvsahzsqgpp.supabase.co/storage/v1/object/public/book-covers/The%20Unwinding.png,1b3d221d-51fe-4473-872a-09f2bc81ae00,The Unwinding,George Packer,The Unwinding.png
updated,The Urban Sketching Handbook.png,The Urban Sketching Handbook.png,https://ghpdpvatfmvsahzsqgpp.supabase.co/storage/v1/object/public/book-covers/The%20Urban%20Sketching%20Handbook.png,8698752a-bb28-4c10-ab14-883eba7b25ec,The Urban Sketching Handbook,Uma Kelkar,The Urban Sketching Handbook.png
updated,The Vegan 8.png,The Vegan 8.png,https://ghpdpvatfmvsahzsqgpp.supabase.co/storage/v1/object/public/book-covers/The%20Vegan%208.png,598aeab0-b0e2-4758-8154-0e2de68cabea,The Vegan 8,Brandi Doming,The Vegan 8.png
updated,The Virginian.png,The Virginian.png,https://ghpdpvatfmvsahzsqgpp.supabase.co/storage/v1/object/public/book-covers/The%20Virginian.png,03734218-c178-40b6-be33-a34d2727ee4e,The Virginian,Owen Wister,The Virginian.png
updated,The Vor Game.png,The Vor Game.png,https://ghpdpvatfmvsahzsqgpp.supabase.co/storage/v1/object/public/book-covers/The%20Vor%20Game.png,9a119d7d-3171-47c6-8ad8-8678f4fadf75,The Vor Game,Lois McMaster Bujold,The Vor Game.png
updated,The Wall.png,The Wall.png,https://ghpdpvatfmvsahzsqgpp.supabase.co/storage/v1/object/public/book-covers/The%20Wall.png,96f47ab5-f7f1-4b8b-b236-440bf0b7abc4,The Wall,Alistair Moffat,The Wall.png
updated,The Wall.png,The Wall.png,https://ghpdpvatfmvsahzsqgpp.supabase.co/storage/v1/object/public/book-covers/The%20Wall.png,c82613a7-f33d-4d05-a890-5e4abc52574c,The Wall,Eve Bunting,The Wall.png
updated,The Wall.png,The Wall.png,https://ghpdpvatfmvsahzsqgpp.supabase.co/storage/v1/object/public/book-covers/The%20Wall.png,43e32c36-0e61-4936-b4c3-eaef650cd8b0,The Wall,Mary Roberts Rinehart,The Wall.png
updated,The Warded Man.png,The Warded Man.png,https://ghpdpvatfmvsahzsqgpp.supabase.co/storage/v1/object/public/book-covers/The%20Warded%20Man.png,bac7ccfa-4ff5-4efa-a238-b6650f256337,The Warded Man,Peter V. Brett,The Warded Man.png
updated,The Warren Buffett Way.png,The Warren Buffett Way.png,https://ghpdpvatfmvsahzsqgpp.supabase.co/storage/v1/object/public/book-covers/The%20Warren%20Buffett%20Way.png,6c8431b9-4976-4689-b5a4-54653d8af936,The Warren Buffett Way,Robert G. Hagstrom,The Warren Buffett Way.png
updated,The Way of the Fight.png,The Way of the Fight.png,https://ghpdpvatfmvsahzsqgpp.supabase.co/storage/v1/object/public/book-covers/The%20Way%20of%20the%20Fight.png,d033e963-52ac-439f-b498-a65a6e8f2531,The Way of the Fight,Georges StPierre,The Way of the Fight.png
updated,The Western Star.png,The Western Star.png,https://ghpdpvatfmvsahzsqgpp.supabase.co/storage/v1/object/public/book-covers/The%20Western%20Star.png,f5013429-5e0d-4a34-897c-c4e16b6d9933,The Western Star,Craig Johnson,The Western Star.png
updated,The Whisper Man.png,The Whisper Man.png,https://ghpdpvatfmvsahzsqgpp.supabase.co/storage/v1/object/public/book-covers/The%20Whisper%20Man.png,b937e4a2-4b4b-416e-bee5-ef0da54f3640,The Whisper Man,Alex North,The Whisper Man.png
updated,The White Gates.png,The White Gates.png,https://ghpdpvatfmvsahzsqgpp.supabase.co/storage/v1/object/public/book-covers/The%20White%20Gates.png,ab3cb04d-d135-4122-b234-cb47e8a04eee,The White Gates,Bonnie Ramthun,The White Gates.png
updated,The Willpower Instinct.png,The Willpower Instinct.png,https://ghpdpvatfmvsahzsqgpp.supabase.co/storage/v1/object/public/book-covers/The%20Willpower%20Instinct.png,8c9b6dbe-a73c-46f6-b44d-375cbde0fe4f,The Willpower Instinct,Kelly McGonigal,The Willpower Instinct.png
updated,The Wise Heart.png,The Wise Heart.png,https://ghpdpvatfmvsahzsqgpp.supabase.co/storage/v1/object/public/book-covers/The%20Wise%20Heart.png,c2994229-75b1-4527-87d3-9793bb8a990e,The Wise Heart,Jack Kornfield,The Wise Heart.png
updated,The Witch's Heart.png,The Witch's Heart.png,https://ghpdpvatfmvsahzsqgpp.supabase.co/storage/v1/object/public/book-covers/The%20Witch%27s%20Heart.png,1d00e62e-1948-4a03-b635-d251847df74d,The Witch's Heart,Genevieve Gornichec,The Witch's Heart.png
updated,The Woodbook.png,The Woodbook.png,https://ghpdpvatfmvsahzsqgpp.supabase.co/storage/v1/object/public/book-covers/The%20Woodbook.png,db84a6cc-c6fa-4618-a859-3439206d0bff,The Woodbook,Klaus Ulrich Leistikow,The Woodbook.png
updated,The Works.png,The Works.png,https://ghpdpvatfmvsahzsqgpp.supabase.co/storage/v1/object/public/book-covers/The%20Works.png,1e94ae30-aae6-4c1b-a71f-6419fe19bc0d,The Works,Kate Ascher,The Works.png
updated,The Worry Trick.png,The Worry Trick.png,https://ghpdpvatfmvsahzsqgpp.supabase.co/storage/v1/object/public/book-covers/The%20Worry%20Trick.png,9a912c2c-d4f6-4792-9488-007cb9e147fe,The Worry Trick,David A. Carbonell,The Worry Trick.png
updated,The Worry Trick.png,The Worry Trick.png,https://ghpdpvatfmvsahzsqgpp.supabase.co/storage/v1/object/public/book-covers/The%20Worry%20Trick.png,c05543d4-2ce9-4e9e-9ae0-0ab559a4b322,The Worry Trick,David Carbonell,The Worry Trick.png
updated,The Worst Journey in the World.png,The Worst Journey in the World.png,https://ghpdpvatfmvsahzsqgpp.supabase.co/storage/v1/object/public/book-covers/The%20Worst%20Journey%20in%20the%20World.png,fba4c6c9-600c-401d-be89-33357eefab18,The Worst Journey in the World,Apsley CherryGarrard,The Worst Journey in the World.png
updated,The Yoga Sutras of Patanjali.png,The Yoga Sutras of Patanjali.png,https://ghpdpvatfmvsahzsqgpp.supabase.co/storage/v1/object/public/book-covers/The%20Yoga%20Sutras%20of%20Patanjali.png,9223c82b-d17e-40f7-aaef-dbad202011e5,The Yoga Sutras of Patanjali,Sri Swami Satchidananda,The Yoga Sutras of Patanjali.png
updated,The red and the Black.png,The red and the Black.png,https://ghpdpvatfmvsahzsqgpp.supabase.co/storage/v1/object/public/book-covers/The%20red%20and%20the%20Black.png,a77038cd-9a6b-4a38-8e8a-dba33fd49e91,The red and the Black,17831842 Stendhal,The red and the Black.png
updated,There There.png,There There.png,https://ghpdpvatfmvsahzsqgpp.supabase.co/storage/v1/object/public/book-covers/There%20There.png,719be3ea-cbfc-40f9-a533-c73a61acf622,There There,Tommy Orange,There There.png
updated,There's a Dinosaur on the 13th Floor.png,There's a Dinosaur on the 13th Floor.png,https://ghpdpvatfmvsahzsqgpp.supabase.co/storage/v1/object/public/book-covers/There%27s%20a%20Dinosaur%20on%20the%2013th%20Floor.png,6d73d380-3609-49b1-8552-65288dbea960,There's a Dinosaur on the 13th Floor,Wade Bradford,There's a Dinosaur on the 13th Floor.png
updated,Think Like a Game Designer.png,Think Like a Game Designer.png,https://ghpdpvatfmvsahzsqgpp.supabase.co/storage/v1/object/public/book-covers/Think%20Like%20a%20Game%20Designer.png,0ffb3407-3372-438b-8a98-551c0fe670fd,Think Like a Game Designer,Justin Gary,Think Like a Game Designer.png
updated,Thinking Strategically.png,Thinking Strategically.png,https://ghpdpvatfmvsahzsqgpp.supabase.co/storage/v1/object/public/book-covers/Thinking%20Strategically.png,8451ab42-afca-44a3-9018-e10a47a296d9,Thinking Strategically,Avinash K. Dixit,Thinking Strategically.png
updated,Thinner Leaner Stronger.png,Thinner Leaner Stronger.png,https://ghpdpvatfmvsahzsqgpp.supabase.co/storage/v1/object/public/book-covers/Thinner%20Leaner%20Stronger.png,58449349-b66d-4513-981e-7a1ed484d6cf,Thinner Leaner Stronger,Michael Matthews,Thinner Leaner Stronger.png
updated,Thoughts on Design.png,Thoughts on Design.png,https://ghpdpvatfmvsahzsqgpp.supabase.co/storage/v1/object/public/book-covers/Thoughts%20on%20Design.png,887443d4-0d38-4ed5-baed-70c2e49429ae,Thoughts on Design,Paul Rand,Thoughts on Design.png
updated,Three Uses of the Knife.png,Three Uses of the Knife.png,https://ghpdpvatfmvsahzsqgpp.supabase.co/storage/v1/object/public/book-covers/Three%20Uses%20of%20the%20Knife.png,a90febcf-39d3-40d2-81e1-3e043e824a69,Three Uses of the Knife,David Mamet,Three Uses of the Knife.png
updated,Tiamat's Wrath.png,Tiamat's Wrath.png,https://ghpdpvatfmvsahzsqgpp.supabase.co/storage/v1/object/public/book-covers/Tiamat%27s%20Wrath.png,24f606a3-cae5-4342-8d4e-c0b3ecd6ccb2,Tiamat's Wrath,James S. A. Corey,Tiamat's Wrath.png
updated,Time Management in 20 Minutes a Day.png,Time Management in 20 Minutes a Day.png,https://ghpdpvatfmvsahzsqgpp.supabase.co/storage/v1/object/public/book-covers/Time%20Management%20in%2020%20Minutes%20a%20Day.png,d324ff7d-3243-47e2-b4a3-fd10e5bad9b9,Time Management in 20 Minutes a Day,Holly Reisem Hanna,Time Management in 20 Minutes a Day.png
updated,Time and Again.png,Time and Again.png,https://ghpdpvatfmvsahzsqgpp.supabase.co/storage/v1/object/public/book-covers/Time%20and%20Again.png,46b5f3f7-c0d7-4401-a19e-140011a60c5e,Time and Again,Clifford D. Simak,Time and Again.png
updated,Time and Again.png,Time and Again.png,https://ghpdpvatfmvsahzsqgpp.supabase.co/storage/v1/object/public/book-covers/Time%20and%20Again.png,0e7a891e-7897-46c2-a43d-e779858ac84a,Time and Again,Jack Finney,Time and Again.png
updated,Time to Pee!.png,Time to Pee!.png,https://ghpdpvatfmvsahzsqgpp.supabase.co/storage/v1/object/public/book-covers/Time%20to%20Pee%21.png,7a52e063-fe9c-44c2-87db-d2e704a2156a,Time to Pee!,Mo Willems,Time to Pee!.png
updated,Timeless.png,Timeless.png,https://ghpdpvatfmvsahzsqgpp.supabase.co/storage/v1/object/public/book-covers/Timeless.png,f5006810-0096-4f14-ae3c-5a171e0d3907,Timeless,R.A. Salvatore,Timeless.png
updated,Timeless.png,Timeless.png,https://ghpdpvatfmvsahzsqgpp.supabase.co/storage/v1/object/public/book-covers/Timeless.png,e1de62aa-36ea-4f82-b240-58f42f61e223,Timeless,Gail Carriger,Timeless.png
updated,Timeless.png,Timeless.png,https://ghpdpvatfmvsahzsqgpp.supabase.co/storage/v1/object/public/book-covers/Timeless.png,e5022fb1-b23d-4723-a69c-b73f42c8dbec,Timeless,Alexandra Monir,Timeless.png
updated,To Bleed a Crystal Bloom.png,To Bleed a Crystal Bloom.png,https://ghpdpvatfmvsahzsqgpp.supabase.co/storage/v1/object/public/book-covers/To%20Bleed%20a%20Crystal%20Bloom.png,f31e1e26-e42e-47d7-b38d-02942d42b692,To Bleed a Crystal Bloom,Sarah A. Parker,To Bleed a Crystal Bloom.png
updated,To Hate Adam Connor.png,To Hate Adam Connor.png,https://ghpdpvatfmvsahzsqgpp.supabase.co/storage/v1/object/public/book-covers/To%20Hate%20Adam%20Connor.png,964b531c-8478-4855-be72-203c76788130,To Hate Adam Connor,Ella Maise,To Hate Adam Connor.png
updated,To Sell Is Human.png,To Sell Is Human.png,https://ghpdpvatfmvsahzsqgpp.supabase.co/storage/v1/object/public/book-covers/To%20Sell%20Is%20Human.png,792930eb-0a3c-4d25-aed0-3ffa0a9fd154,To Sell Is Human,Daniel Pink,To Sell Is Human.png
updated,To Sell Is Human.png,To Sell Is Human.png,https://ghpdpvatfmvsahzsqgpp.supabase.co/storage/v1/object/public/book-covers/To%20Sell%20Is%20Human.png,b8146408-8848-4c9d-a278-653d7949d767,To Sell Is Human,Daniel H. Pink,To Sell Is Human.png
updated,Too Fat to Fish.png,Too Fat to Fish.png,https://ghpdpvatfmvsahzsqgpp.supabase.co/storage/v1/object/public/book-covers/Too%20Fat%20to%20Fish.png,b5750b49-7c91-4752-9a3c-15a546138273,Too Fat to Fish,Artie Lange,Too Fat to Fish.png
updated,Tracking the Wild Coomba.png,Tracking the Wild Coomba.png,https://ghpdpvatfmvsahzsqgpp.supabase.co/storage/v1/object/public/book-covers/Tracking%20the%20Wild%20Coomba.png,3d410ef7-437c-4ce1-9c29-bac7c4c54cb4,Tracking the Wild Coomba,Robert Cocuzzo,Tracking the Wild Coomba.png
updated,Traffic Secrets.png,Traffic Secrets.png,https://ghpdpvatfmvsahzsqgpp.supabase.co/storage/v1/object/public/book-covers/Traffic%20Secrets.png,99256cec-c889-421c-b131-6d5d3279b953,Traffic Secrets,Russell Brunson,Traffic Secrets.png
updated,TranceFormations.png,TranceFormations.png,https://ghpdpvatfmvsahzsqgpp.supabase.co/storage/v1/object/public/book-covers/TranceFormations.png,66cae713-edfc-48a1-8a6c-37819a624d04,TranceFormations,John Grinder,TranceFormations.png
updated,Traveling With Your Sketchbook.png,Traveling With Your Sketchbook.png,https://ghpdpvatfmvsahzsqgpp.supabase.co/storage/v1/object/public/book-covers/Traveling%20With%20Your%20Sketchbook.png,2b3f85c4-f066-495e-9d23-6737d5f85333,Traveling With Your Sketchbook,Joyce Ryan,Traveling With Your Sketchbook.png
updated,Travels with Herodotus.png,Travels with Herodotus.png,https://ghpdpvatfmvsahzsqgpp.supabase.co/storage/v1/object/public/book-covers/Travels%20with%20Herodotus.png,4c5434aa-5294-4210-85cb-c00b648ca963,Travels with Herodotus,Ryszard Kapuscinski,Travels with Herodotus.png
updated,Treasury of Greek Mythology.png,Treasury of Greek Mythology.png,https://ghpdpvatfmvsahzsqgpp.supabase.co/storage/v1/object/public/book-covers/Treasury%20of%20Greek%20Mythology.png,f91b5738-fbc8-4fc9-9f03-61e65076ce0e,Treasury of Greek Mythology,Donna Jo Napoli,Treasury of Greek Mythology.png
updated,Treating Separation Anxiety in Dogs.png,Treating Separation Anxiety in Dogs.png,https://ghpdpvatfmvsahzsqgpp.supabase.co/storage/v1/object/public/book-covers/Treating%20Separation%20Anxiety%20in%20Dogs.png,a4238a7e-e8b2-4827-b1da-c35375d051fe,Treating Separation Anxiety in Dogs,Malena DemartiniPrice,Treating Separation Anxiety in Dogs.png
updated,Trouble Is My Business.png,Trouble Is My Business.png,https://ghpdpvatfmvsahzsqgpp.supabase.co/storage/v1/object/public/book-covers/Trouble%20Is%20My%20Business.png,070f6a52-9696-4281-84c5-31d4293b88ce,Trouble Is My Business,Raymond Chandler,Trouble Is My Business.png
updated,"Troubleshooting and Repairing Diesel Engines, 5th Edition.png","Troubleshooting and Repairing Diesel Engines, 5th Edition.png",https://ghpdpvatfmvsahzsqgpp.supabase.co/storage/v1/object/public/book-covers/Troubleshooting%20and%20Repairing%20Diesel%20Engines%2C%205th%20Edition.png,a2a02286-f167-4b95-8ec7-47dcb3f14aae,"Troubleshooting and Repairing Diesel Engines, 5th Edition",Paul Dempsey,"Troubleshooting and Repairing Diesel Engines, 5th Edition.png"
updated,True History of the Kelly Gang.png,True History of the Kelly Gang.png,https://ghpdpvatfmvsahzsqgpp.supabase.co/storage/v1/object/public/book-covers/True%20History%20of%20the%20Kelly%20Gang.png,252c826e-95e8-476f-b5e9-c19c7a61e308,True History of the Kelly Gang,Peter Carey,True History of the Kelly Gang.png
updated,True North.png,True North.png,https://ghpdpvatfmvsahzsqgpp.supabase.co/storage/v1/object/public/book-covers/True%20North.png,ba8c87f1-4757-4e07-b522-cf04ad049624,True North,Bill George,True North.png
updated,True North.png,True North.png,https://ghpdpvatfmvsahzsqgpp.supabase.co/storage/v1/object/public/book-covers/True%20North.png,9ad1233b-cb46-44c0-a5f7-8adb918aa7dc,True North,Marie Force,True North.png
updated,True North.png,True North.png,https://ghpdpvatfmvsahzsqgpp.supabase.co/storage/v1/object/public/book-covers/True%20North.png,d2632408-17ac-4286-915f-7606a605a46c,True North,Jim Harrison,True North.png
updated,True and False.png,True and False.png,https://ghpdpvatfmvsahzsqgpp.supabase.co/storage/v1/object/public/book-covers/True%20and%20False.png,d4554d1d-89c0-4ca3-bbca-37dca7e5fc82,True and False,David Mamet,True and False.png
updated,Turn Right at Machu Picchu.png,Turn Right at Machu Picchu.png,https://ghpdpvatfmvsahzsqgpp.supabase.co/storage/v1/object/public/book-covers/Turn%20Right%20at%20Machu%20Picchu.png,c67c4842-110c-40b5-b1cc-8888a91f82a9,Turn Right at Machu Picchu,Mark Adams,Turn Right at Machu Picchu.png
updated,Tut's Mummy.png,Tut's Mummy.png,https://ghpdpvatfmvsahzsqgpp.supabase.co/storage/v1/object/public/book-covers/Tut%27s%20Mummy.png,89b91504-17ba-498d-9bca-5415f88cb5f7,Tut's Mummy,Judy Donnelly,Tut's Mummy.png
updated,Twice Freed.png,Twice Freed.png,https://ghpdpvatfmvsahzsqgpp.supabase.co/storage/v1/object/public/book-covers/Twice%20Freed.png,c65fecb1-036f-4f55-b823-062915358a5e,Twice Freed,Patricia St. John,Twice Freed.png
updated,Two Boys Kissing.png,Two Boys Kissing.png,https://ghpdpvatfmvsahzsqgpp.supabase.co/storage/v1/object/public/book-covers/Two%20Boys%20Kissing.png,17115e6a-37e7-4cdc-9d8b-05322daa4e60,Two Boys Kissing,David Levithan,Two Boys Kissing.png
updated,Typographie.png,Typographie.png,https://ghpdpvatfmvsahzsqgpp.supabase.co/storage/v1/object/public/book-covers/Typographie.png,7121e0d4-4176-4fe7-8c65-6b035a39170d,Typographie,Emil Ruder,Typographie.png
updated,Ultimate Guide to Prostate Pleasure.png,Ultimate Guide to Prostate Pleasure.png,https://ghpdpvatfmvsahzsqgpp.supabase.co/storage/v1/object/public/book-covers/Ultimate%20Guide%20to%20Prostate%20Pleasure.png,2fdf078e-0ad0-4260-abbc-3fccdd068a61,Ultimate Guide to Prostate Pleasure,Charlie Glickman,Ultimate Guide to Prostate Pleasure.png
updated,"Ultimate Guitar Chords, Scales & Arpeggios Handbook.png","Ultimate Guitar Chords, Scales & Arpeggios Handbook.png",https://ghpdpvatfmvsahzsqgpp.supabase.co/storage/v1/object/public/book-covers/Ultimate%20Guitar%20Chords%2C%20Scales%20%26%20Arpeggios%20Handbook.png,0555bd17-d860-45e9-a2d4-758005b6294e,"Ultimate Guitar Chords, Scales & Arpeggios Handbook",Damon Ferrante,"Ultimate Guitar Chords, Scales & Arpeggios Handbook.png"
updated,Ultramarathon Man.png,Ultramarathon Man.png,https://ghpdpvatfmvsahzsqgpp.supabase.co/storage/v1/object/public/book-covers/Ultramarathon%20Man.png,3f0410e6-6912-4acf-9a09-92b7d5b30bee,Ultramarathon Man,Dean Karnazes,Ultramarathon Man.png
updated,Unbought and Unbossed.png,Unbought and Unbossed.png,https://ghpdpvatfmvsahzsqgpp.supabase.co/storage/v1/object/public/book-covers/Unbought%20and%20Unbossed.png,ad51be1e-af03-45f3-9961-a175162327da,Unbought and Unbossed,Shirley Chisholm,Unbought and Unbossed.png
updated,Unbroken.png,Unbroken.png,https://ghpdpvatfmvsahzsqgpp.supabase.co/storage/v1/object/public/book-covers/Unbroken.png,8f1172ac-fb24-40c4-bab3-7be2e230af5a,Unbroken,Maisey Yates,Unbroken.png
updated,Unbroken.png,Unbroken.png,https://ghpdpvatfmvsahzsqgpp.supabase.co/storage/v1/object/public/book-covers/Unbroken.png,43049b1e-14b7-4956-b4a0-883c0b4579df,Unbroken,Rachel Caine,Unbroken.png
updated,Unbroken.png,Unbroken.png,https://ghpdpvatfmvsahzsqgpp.supabase.co/storage/v1/object/public/book-covers/Unbroken.png,4f75632c-871d-4260-9976-8e3ed6892d07,Unbroken,Lisa Renee Jones,Unbroken.png
updated,Unbroken.png,Unbroken.png,https://ghpdpvatfmvsahzsqgpp.supabase.co/storage/v1/object/public/book-covers/Unbroken.png,68cf5906-af00-49c9-87f2-04128e278b8f,Unbroken,Laura Hillenbrand,Unbroken.png
updated,Unconscious Putting.png,Unconscious Putting.png,https://ghpdpvatfmvsahzsqgpp.supabase.co/storage/v1/object/public/book-covers/Unconscious%20Putting.png,2b60d999-10d2-450e-9d5d-8169b2530d09,Unconscious Putting,Dave Stockton,Unconscious Putting.png
updated,Undead Girl Gang.png,Undead Girl Gang.png,https://ghpdpvatfmvsahzsqgpp.supabase.co/storage/v1/object/public/book-covers/Undead%20Girl%20Gang.png,e0f7b9c6-ce70-4d9a-a5e7-8db0d8735e1c,Undead Girl Gang,Lily Anderson,Undead Girl Gang.png
updated,Underground in Berlin.png,Underground in Berlin.png,https://ghpdpvatfmvsahzsqgpp.supabase.co/storage/v1/object/public/book-covers/Underground%20in%20Berlin.png,75914674-32bb-4377-be59-71ff97c9ce51,Underground in Berlin,Marie Jalowicz Simon,Underground in Berlin.png
updated,Unfuk Yourself.png,Unfuk Yourself.png,https://ghpdpvatfmvsahzsqgpp.supabase.co/storage/v1/object/public/book-covers/Unfuk%20Yourself.png,43fe96d5-8dc4-4d36-ac0f-627f154f515f,Unfuk Yourself,Gary John Bishop,Unfuk Yourself.png
updated,Uninvited.png,Uninvited.png,https://ghpdpvatfmvsahzsqgpp.supabase.co/storage/v1/object/public/book-covers/Uninvited.png,12ffad79-c34d-4ac2-8472-febaab5afafd,Uninvited,Lysa Terkeurst,Uninvited.png
updated,Uninvited.png,Uninvited.png,https://ghpdpvatfmvsahzsqgpp.supabase.co/storage/v1/object/public/book-covers/Uninvited.png,734da8c4-b9e5-47c3-a302-ff51995dbf9d,Uninvited,Sophie Jordan,Uninvited.png
updated,Unspeakable Acts.png,Unspeakable Acts.png,https://ghpdpvatfmvsahzsqgpp.supabase.co/storage/v1/object/public/book-covers/Unspeakable%20Acts.png,82c8435f-95c2-4a8a-bfc6-63f0c2054816,Unspeakable Acts,Sarah Weinman,Unspeakable Acts.png
updated,Up in the Old Hotel.png,Up in the Old Hotel.png,https://ghpdpvatfmvsahzsqgpp.supabase.co/storage/v1/object/public/book-covers/Up%20in%20the%20Old%20Hotel.png,ae583cb0-b0a5-4e35-a621-c8e7d388822c,Up in the Old Hotel,Joseph Mitchell,Up in the Old Hotel.png
updated,VS Day.png,VS Day.png,https://ghpdpvatfmvsahzsqgpp.supabase.co/storage/v1/object/public/book-covers/VS%20Day.png,46e84b64-6598-4971-83b8-a71a269fb88e,VS Day,Allen Steele,VS Day.png
updated,Veg in One Bed.png,Veg in One Bed.png,https://ghpdpvatfmvsahzsqgpp.supabase.co/storage/v1/object/public/book-covers/Veg%20in%20One%20Bed.png,83507928-527f-4af8-99c5-ca183dc3f245,Veg in One Bed,Huw Richards,Veg in One Bed.png
updated,Voyage.png,Voyage.png,https://ghpdpvatfmvsahzsqgpp.supabase.co/storage/v1/object/public/book-covers/Voyage.png,8f0c626b-d242-45c8-bb54-88c443cdf322,Voyage,Stephen Baxter,Voyage.png
updated,WOODWORKING 2020 (2 books in 1).png,WOODWORKING 2020 (2 books in 1).png,https://ghpdpvatfmvsahzsqgpp.supabase.co/storage/v1/object/public/book-covers/WOODWORKING%202020%20%282%20books%20in%201%29.png,dea041c1-2b19-4387-8a98-be2ed0b35c63,WOODWORKING 2020 (2 books in 1),MILES ADKINS,WOODWORKING 2020 (2 books in 1).png
updated,Waiting in the Wings.png,Waiting in the Wings.png,https://ghpdpvatfmvsahzsqgpp.supabase.co/storage/v1/object/public/book-covers/Waiting%20in%20the%20Wings.png,5f0a624b-c9c6-4c71-b4bf-e0a1162f2012,Waiting in the Wings,Melissa Brayden,Waiting in the Wings.png
updated,Wake Up to the Joy of You.png,Wake Up to the Joy of You.png,https://ghpdpvatfmvsahzsqgpp.supabase.co/storage/v1/object/public/book-covers/Wake%20Up%20to%20the%20Joy%20of%20You.png,3da232f4-fcb3-4537-89f9-49e73c409d1c,Wake Up to the Joy of You,Agapi Stassinopoulos,Wake Up to the Joy of You.png
updated,Waves.png,Waves.png,https://ghpdpvatfmvsahzsqgpp.supabase.co/storage/v1/object/public/book-covers/Waves.png,8bdc2e9e-8f09-4fb8-aa37-51c8bd7f1e38,Waves,Thom Gilbert,Waves.png
updated,We Can't Talk about That at Work!.png,We Can't Talk about That at Work!.png,https://ghpdpvatfmvsahzsqgpp.supabase.co/storage/v1/object/public/book-covers/We%20Can%27t%20Talk%20about%20That%20at%20Work%21.png,dbf74941-0a19-4c64-92ea-4d522091d25a,We Can't Talk about That at Work!,MaryFrances Winters,We Can't Talk about That at Work!.png
updated,We're All Wonders.png,We're All Wonders.png,https://ghpdpvatfmvsahzsqgpp.supabase.co/storage/v1/object/public/book-covers/We%27re%20All%20Wonders.png,1eef5228-a2ee-4c3f-b42e-466c5098a8f8,We're All Wonders,R. J. Palacio,We're All Wonders.png
updated,We.png,We.png,https://ghpdpvatfmvsahzsqgpp.supabase.co/storage/v1/object/public/book-covers/We.png,82df230b-9df9-4c0e-806a-080b443ce1ed,We,Alice Schertle,We.png
updated,We.png,We.png,https://ghpdpvatfmvsahzsqgpp.supabase.co/storage/v1/object/public/book-covers/We.png,b6a2b628-77a1-449a-a460-3e8668b4830b,We,Yevgeny Zamyatin,We.png
updated,We.png,We.png,https://ghpdpvatfmvsahzsqgpp.supabase.co/storage/v1/object/public/book-covers/We.png,18e3b3ce-811f-4f8e-a48c-332d8ec05213,We,Robert A. Johnson,We.png
updated,Weapons of Math Destruction.png,Weapons of Math Destruction.png,https://ghpdpvatfmvsahzsqgpp.supabase.co/storage/v1/object/public/book-covers/Weapons%20of%20Math%20Destruction.png,1fb258f5-8b30-4aa3-89ce-9c793e95ef6a,Weapons of Math Destruction,Cathy O'Neil,Weapons of Math Destruction.png
updated,Weaving Within Reach.png,Weaving Within Reach.png,https://ghpdpvatfmvsahzsqgpp.supabase.co/storage/v1/object/public/book-covers/Weaving%20Within%20Reach.png,518a3777-c367-4e57-baba-1cdab94f79d0,Weaving Within Reach,Anne Weil,Weaving Within Reach.png
updated,What Made Maddy Run.png,What Made Maddy Run.png,https://ghpdpvatfmvsahzsqgpp.supabase.co/storage/v1/object/public/book-covers/What%20Made%20Maddy%20Run.png,36301513-7218-4e7d-a2e0-41dbf2b15520,What Made Maddy Run,Kate Fagan,What Made Maddy Run.png
updated,What to Expect the First Year.png,What to Expect the First Year.png,https://ghpdpvatfmvsahzsqgpp.supabase.co/storage/v1/object/public/book-covers/What%20to%20Expect%20the%20First%20Year.png,3153ba08-2109-4c65-b48f-88558aff0ef6,What to Expect the First Year,Heidi Murkoff,What to Expect the First Year.png
updated,Wheat Belly 30MinuteCookbook.png,Wheat Belly 30MinuteCookbook.png,https://ghpdpvatfmvsahzsqgpp.supabase.co/storage/v1/object/public/book-covers/Wheat%20Belly%2030MinuteCookbook.png,e2fd7f33-5dd5-4d65-b4a5-f3cf2ca50bbd,Wheat Belly 30MinuteCookbook,William Davis,Wheat Belly 30MinuteCookbook.png
updated,When Gravity Fails.png,When Gravity Fails.png,https://ghpdpvatfmvsahzsqgpp.supabase.co/storage/v1/object/public/book-covers/When%20Gravity%20Fails.png,f7ddf039-82f0-4599-ae07-fe522c096162,When Gravity Fails,George Alec Effinger,When Gravity Fails.png
updated,When Stars Are Scattered.png,When Stars Are Scattered.png,https://ghpdpvatfmvsahzsqgpp.supabase.co/storage/v1/object/public/book-covers/When%20Stars%20Are%20Scattered.png,fe9cde0b-675d-4a9c-aafe-5fff39b26db6,When Stars Are Scattered,Victoria Jamieson,When Stars Are Scattered.png
updated,When Will This Cruel War Be Over.png,When Will This Cruel War Be Over.png,https://ghpdpvatfmvsahzsqgpp.supabase.co/storage/v1/object/public/book-covers/When%20Will%20This%20Cruel%20War%20Be%20Over.png,f0fe5bd0-7535-4525-b6c9-0eeeeb927e2c,When Will This Cruel War Be Over,Barry Denenberg,When Will This Cruel War Be Over.png
updated,Where Oliver Fits.png,Where Oliver Fits.png,https://ghpdpvatfmvsahzsqgpp.supabase.co/storage/v1/object/public/book-covers/Where%20Oliver%20Fits.png,da0efafb-452f-48e1-8fe0-b14eb7e3b7f9,Where Oliver Fits,Cale Atkinson,Where Oliver Fits.png
updated,Why Evolution Is True.png,Why Evolution Is True.png,https://ghpdpvatfmvsahzsqgpp.supabase.co/storage/v1/object/public/book-covers/Why%20Evolution%20Is%20True.png,e3a5d90a-3148-4960-a1f0-2bd63ed17378,Why Evolution Is True,Jerry A. Coyne,Why Evolution Is True.png
updated,Why We Buy.png,Why We Buy.png,https://ghpdpvatfmvsahzsqgpp.supabase.co/storage/v1/object/public/book-covers/Why%20We%20Buy.png,39727135-fa0d-4686-a16d-c8076a667351,Why We Buy,Paco Underhill,Why We Buy.png
updated,Wild Things.png,Wild Things.png,https://ghpdpvatfmvsahzsqgpp.supabase.co/storage/v1/object/public/book-covers/Wild%20Things.png,b71a8920-b6d3-4f13-9041-b5a3c62dc6c1,Wild Things,Chloe Neill,Wild Things.png
updated,Wild Things.png,Wild Things.png,https://ghpdpvatfmvsahzsqgpp.supabase.co/storage/v1/object/public/book-covers/Wild%20Things.png,8e06649d-6ffb-4e20-add3-cc6d94c91e3c,Wild Things,Stephen James,Wild Things.png
updated,Wild Things.png,Wild Things.png,https://ghpdpvatfmvsahzsqgpp.supabase.co/storage/v1/object/public/book-covers/Wild%20Things.png,03c17835-4374-4501-8af8-38d5527d8af7,Wild Things,Jennifer Ashley,Wild Things.png
updated,Wilderness Medicine.png,Wilderness Medicine.png,https://ghpdpvatfmvsahzsqgpp.supabase.co/storage/v1/object/public/book-covers/Wilderness%20Medicine.png,0884996d-5ea9-4e32-88ac-5e2dd3e773be,Wilderness Medicine,M.D. William W. Forgey,Wilderness Medicine.png
updated,Wilderness Medicine.png,Wilderness Medicine.png,https://ghpdpvatfmvsahzsqgpp.supabase.co/storage/v1/object/public/book-covers/Wilderness%20Medicine.png,adb5cbd7-3a11-4f3a-aa1e-d134f71caeb6,Wilderness Medicine,William W. Forgey,Wilderness Medicine.png
updated,"Wildflowers, Blooms & Blossoms.png","Wildflowers, Blooms & Blossoms.png",https://ghpdpvatfmvsahzsqgpp.supabase.co/storage/v1/object/public/book-covers/Wildflowers%2C%20Blooms%20%26%20Blossoms.png,7f3041c3-931a-45b2-9ea4-2fb27f6c0cb9,"Wildflowers, Blooms & Blossoms",Diane Burns,"Wildflowers, Blooms & Blossoms.png"
updated,Wine Simple.png,Wine Simple.png,https://ghpdpvatfmvsahzsqgpp.supabase.co/storage/v1/object/public/book-covers/Wine%20Simple.png,f03bf9ca-5008-4a96-b3ac-312b83ec429d,Wine Simple,Aldo Sohm,Wine Simple.png
updated,WinniethePooh.png,WinniethePooh.png,https://ghpdpvatfmvsahzsqgpp.supabase.co/storage/v1/object/public/book-covers/WinniethePooh.png,ce43dac5-d421-41af-a36f-564e2a2e66ba,WinniethePooh,A. A. Milne,WinniethePooh.png
updated,Winning Chess Exercises for Kids.png,Winning Chess Exercises for Kids.png,https://ghpdpvatfmvsahzsqgpp.supabase.co/storage/v1/object/public/book-covers/Winning%20Chess%20Exercises%20for%20Kids.png,4288c3b8-8693-4512-908d-79826206fd2b,Winning Chess Exercises for Kids,Jeff Coakley,Winning Chess Exercises for Kids.png
updated,Winning Chess Strategies.png,Winning Chess Strategies.png,https://ghpdpvatfmvsahzsqgpp.supabase.co/storage/v1/object/public/book-covers/Winning%20Chess%20Strategies.png,fff882a4-500c-4cca-bc99-7fc261e81874,Winning Chess Strategies,Yasser Seirawan,Winning Chess Strategies.png
updated,Winter Counts.png,Winter Counts.png,https://ghpdpvatfmvsahzsqgpp.supabase.co/storage/v1/object/public/book-covers/Winter%20Counts.png,53517db3-7936-4bc7-b138-18208f956a91,Winter Counts,David Heska Wanbli Weiden,Winter Counts.png
updated,With My Dog Eyes.png,With My Dog Eyes.png,https://ghpdpvatfmvsahzsqgpp.supabase.co/storage/v1/object/public/book-covers/With%20My%20Dog%20Eyes.png,6cde4b4f-8bab-4aaf-8561-18f8c6d22731,With My Dog Eyes,Adam Morris,With My Dog Eyes.png
updated,With My Dog Eyes.png,With My Dog Eyes.png,https://ghpdpvatfmvsahzsqgpp.supabase.co/storage/v1/object/public/book-covers/With%20My%20Dog%20Eyes.png,c1a6a228-5881-499f-99f5-e99829a71b17,With My Dog Eyes,Hilda Hilst,With My Dog Eyes.png
updated,Wonder.png,Wonder.png,https://ghpdpvatfmvsahzsqgpp.supabase.co/storage/v1/object/public/book-covers/Wonder.png,7ee8a38f-7199-452d-9c11-1d0ace212886,Wonder,R. J. Palacio,Wonder.png
updated,"Worms Eat My Garbage, 35th Anniversary Edition.png","Worms Eat My Garbage, 35th Anniversary Edition.png",https://ghpdpvatfmvsahzsqgpp.supabase.co/storage/v1/object/public/book-covers/Worms%20Eat%20My%20Garbage%2C%2035th%20Anniversary%20Edition.png,0d2de9c2-bf7b-4aa4-8085-1ab0f28da9e7,"Worms Eat My Garbage, 35th Anniversary Edition",Mary Appelhof,"Worms Eat My Garbage, 35th Anniversary Edition.png"
updated,Writers and Their Cats.png,Writers and Their Cats.png,https://ghpdpvatfmvsahzsqgpp.supabase.co/storage/v1/object/public/book-covers/Writers%20and%20Their%20Cats.png,96f5c60a-8026-4ad6-9968-11a065ba09a3,Writers and Their Cats,Alison Nastasi,Writers and Their Cats.png
updated,Written in the Stars.png,Written in the Stars.png,https://ghpdpvatfmvsahzsqgpp.supabase.co/storage/v1/object/public/book-covers/Written%20in%20the%20Stars.png,70d1e2d9-7d3e-4a2f-a4f2-c1473e54d674,Written in the Stars,Lois Duncan,Written in the Stars.png
updated,Written in the Stars.png,Written in the Stars.png,https://ghpdpvatfmvsahzsqgpp.supabase.co/storage/v1/object/public/book-covers/Written%20in%20the%20Stars.png,9f31e182-4fe4-442f-a896-0f9f92c78cce,Written in the Stars,Aisha Saeed,Written in the Stars.png
updated,Written in the Stars.png,Written in the Stars.png,https://ghpdpvatfmvsahzsqgpp.supabase.co/storage/v1/object/public/book-covers/Written%20in%20the%20Stars.png,a827b2a9-39d3-455f-9ba7-506f93f3ad81,Written in the Stars,Alison Davies,Written in the Stars.png
updated,Written in the Stars.png,Written in the Stars.png,https://ghpdpvatfmvsahzsqgpp.supabase.co/storage/v1/object/public/book-covers/Written%20in%20the%20Stars.png,1bc9cd0a-a3fc-4d9c-9db0-e692e3f41241,Written in the Stars,Alexandria Bellefleur,Written in the Stars.png
updated,XOXO.png,XOXO.png,https://ghpdpvatfmvsahzsqgpp.supabase.co/storage/v1/object/public/book-covers/XOXO.png,32875b70-9628-4cdc-9ae0-775439f29fb7,XOXO,Axie Oh,XOXO.png
updated,You Are Not So Smart.png,You Are Not So Smart.png,https://ghpdpvatfmvsahzsqgpp.supabase.co/storage/v1/object/public/book-covers/You%20Are%20Not%20So%20Smart.png,09e8145c-69c6-4a90-812f-6ea9479503e3,You Are Not So Smart,David McRaney,You Are Not So Smart.png
updated,You Are a Badass.png,You Are a Badass.png,https://ghpdpvatfmvsahzsqgpp.supabase.co/storage/v1/object/public/book-covers/You%20Are%20a%20Badass.png,f40c224c-a14c-4390-927e-5ead081da239,You Are a Badass,Jen Sincero,You Are a Badass.png
updated,You Deserve Each Other.png,You Deserve Each Other.png,https://ghpdpvatfmvsahzsqgpp.supabase.co/storage/v1/object/public/book-covers/You%20Deserve%20Each%20Other.png,922a66f6-17b0-45f2-9105-a40693fa5f3c,You Deserve Each Other,Sarah Hogle,You Deserve Each Other.png
updated,gRPC.png,gRPC.png,https://ghpdpvatfmvsahzsqgpp.supabase.co/storage/v1/object/public/book-covers/gRPC.png,fa35acc6-edff-486a-8572-23ddde252120,gRPC,Kasun Indrasiri,gRPC.png
updated,woulda. coulda. shoulda..png,woulda. coulda. shoulda..png,https://ghpdpvatfmvsahzsqgpp.supabase.co/storage/v1/object/public/book-covers/woulda.%20coulda.%20shoulda..png,addfd776-ff71-4965-8309-70091c60a130,woulda. coulda. shoulda.,Jennifer Hurvitz,woulda. coulda. shoulda..png
